COURSE NO,COURSE TITLE,L P U,STAT,SEC,INSTRUCTOR IN CHARGE/Instructor,DAYS/HR,ROOM,COMPRE DATE,"MIDSEM DATE,DAY",MIDSEM TIME
BIO F110,BIOLOGY LABORATORY,0 2 1,P,1,"Kartik Ramesh Redkar,Anirvan Komath Majumdar,Asha",M 2 3,,27/04/25 (FN),,
BIO F110,BIOLOGY LABORATORY,0 2 1,P,2,"ANASUYA GANGULY, Anushka Lather, Animesh Anand,Sneha Bose",M 4 5,,,,
BIO F110,BIOLOGY LABORATORY,0 2 1,P,3,"Utpal Mallick,Rodrigues Rizelia Christina, Joephil Dominic Dias",M 7 8,,,,
BIO F110,BIOLOGY LABORATORY,0 2 1,P,4,"Pradnya Sanjay Kumbhar, Sneha Bose, Amitabh Debnath",T 2 3,,,,
BIO F110,BIOLOGY LABORATORY,0 2 1,P,5,"Dibakar Chakrabarty,Nickita Dutta,Keletso Lashani,Romy Roy",T 4 5,,,,
BIO F110,BIOLOGY LABORATORY,0 2 1,P,6,"Vijaysrikanth Tummala, Yashkumar Rathod, Athira Sasidharan Nair",T 8 9,,,,
BIO F110,BIOLOGY LABORATORY,0 2 1,P,7,"Romy Roy, Nutan Kumari, Shashank Kashyap",W 2 3,,,,
BIO F110,BIOLOGY LABORATORY,0 2 1,P,8,"V H Krishnaprasad, Shruti Krishna Desai,Asbern Johnson Franz Dsilva",W 4 5,,,,
BIO F110,BIOLOGY LABORATORY,0 2 1,P,9,"Pradnya Sanjay Kumbhar, Sneha Bose, Sk Aktar Ali",W 7 8,,,,
BIO F110,BIOLOGY LABORATORY,0 2 1,P,10,"Maheswari Sivaravi,Shovan Das,Athira N",TH 2 3,,,,
BIO F110,BIOLOGY LABORATORY,0 2 1,P,11,"Tusar Tirtha Saha, Subrata Das, Saumya Tripathi,Utpal Mallick",TH 4 5,,,,
BIO F110,BIOLOGY LABORATORY,0 2 1,P,12,"Rodrigues Rizelia Christina,Keletso Lashani,Satish Kumar Manjhi",TH 8 9,,,,
BIO F110,BIOLOGY LABORATORY,0 2 1,P,13,"Yesoda Bhargava, Animesh Anand,Jayapriya C S",F 2 3,,,,
BIO F110,BIOLOGY LABORATORY,0 2 1,P,14,"Sonal Ayakar,Niharika Tewari,Shashank Kashyap,Akhilesh",F 4 5,,,,
BIO F110,BIOLOGY LABORATORY,0 2 1,P,15,"Pavithra P,Anirvan Komath Majumdar,Deepali Shukla",F 7 8,,,"05/03/25,Wednesd",11:30 AM - 01:00
BIO F215,BIOPHYSICS,3 0 3,L,1,SUMIT BISWAS/ Raviprasad Aduri,T TH 3 W 10,C302,05/05/25 (AN),ay,PM
BIO F215,BIOPHYSICS,3 0 3,T,1,Sumit Biswas/ Raviprasad Aduri,TH 9,C306,,,
BIO F216,"WATER,SANITA & SOLID WASTE MGM",3 0 3,L,1,"SRIKANTH MUTNURI Narkhede Sanvidh Vikas Sandhya, Prabhudesai Sanam Kailas, Yuga Ghotge,",TBA,,30/04/25 (FN),TBA,
BIO F216,"WATER,SANITA & SOLID WASTE MGM",3 0 3,I,1,"Keyur Kumar Namdev, Nidhi Mahawar, Shwetakshi Mishra, Karan N, Prabhu Chodnekar Shamik Sandip",,,,"05/03/25,Wednesd",
BIO F241,ECOLOGY & ENVIRON SCI,3 0 3,L,1,KUNDAN KUMAR/ Malabika Biswas,M W F 9,C301,10/05/25 (AN),ay,2:00 PM - 3:30 PM
BIO F241,ECOLOGY & ENVIRON SCI,3 0 3,T,1,Kundan Kumar/ Malabika Biswas,T 9,C301,,,
BIO F242,INTRO TO BIOINFORMATICS,3 0 3,L,1,VEEKY BATHS/ Sukanta Mondal,T TH F 10,C402,08/05/25 (AN),"06/03/25, Thursday",11:30 AM - 01:00 PM
BIO F242,INTRO TO BIOINFORMATICS,3 0 3,T,1,Veeky Baths/ Sukanta Mondal,M 1,C307,,,
BIO F243,GENETICS,3 0 3,L,1,RAJESH MEHROTRA/ Malabika Biswas,M W F 4,C301,02/05/25 (AN),"03/03/25, Monday",4:00 PM - 5:30 PM
BIO F243,GENETICS,3 0 3,T,1,Rajesh Mehrotra/ Malabika Biswas MALABIKA BISWAS/Anasuya Ganguly/ Indrani Talukdar/ Raviprasad Aduri/,TH 9,C308,,,
BIO F244,INSTRU METHODS OF ANAL,1 3 4,L,1,"Sandhya Mehrotra/ Utpal Roy Malabika Biswas, Anasuya Ganguly, Indrani Talukdar, Raviprasad Aduri, Sandhya Mehrotra, Utpal Roy, Akanksha Rout, Gayathri S Kamath, Kavya",F 1,C302,06/05/25 (FN),"04/03/25, Tuesday",2:00 PM - 3:30 PM
BIO F244,INSTRU METHODS OF ANAL,1 3 4,P,1,"Chandra, Manideep Burra, Pritish Raj Shukla, Satish Kumar Manjhi, Sohom Adhikari, Sk Aktar Ali",T TH 4 5 6,,,,
BIO F266,STUDY PROJECT,3,R,1,DIBAKAR CHAKRABARTY,,,,,9:30 AM - 11:00
BIO F341,DEVELOPMENTAL BIOLOGY,3 0 3,L,1,DIBAKAR CHAKRABARTY/ Tusar Tirtha Saha,M W F 9,C302,10/05/25 (FN),"09/03/25, Sunday",AM
BIO F341,DEVELOPMENTAL BIOLOGY,3 0 3,T,1,Dibakar Chakrabarty/ Tusar Tirtha Saha,TH 8,C302,,,11:30 AM - 01:00
BIO F342,IMMUNOLOGY,3 0 3,L,1,MEENAL KOWSHIK/ Judith Maria Braganca,M W F 2,C302,04/05/25 (FN),"08/03/25, Saturday",PM
BIO F342,IMMUNOLOGY,3 0 3,T,1,Meenal Kowshik/ Judith Maria Braganca,T 8,C302,,,
BIO F366,LABORATORY PROJECT,3,R,1,DIBAKAR CHAKRABARTY,,,,,
BIO F367,LABORATORY PROJECT,3,R,1,DIBAKAR CHAKRABARTY,,,,,
BIO F376,DESIGN PROJECT,3,R,1,DIBAKAR CHAKRABARTY,,,,,
BIO F377,DESIGN PROJECT,3,R,1,DIBAKAR CHAKRABARTY,,,,"06/03/25,",
BIO F413,MOLECULAR BIOLOGY OF CELL,3 0 3,L,1,INDRANI TALUKDAR,M W F 3,C302,09/05/25 (FN),Thursday,2:00 PM - 3:30 PM 11:30 AM - 01:00
BIO F417,BIOMOLECULAR MODELING,3 0 3,L,1,SUKANTA MONDAL/ Raviprasad Aduri,M W F 8,C304,13/05/25 (AN),"07/03/25, Friday",PM 11:30 AM - 01:00
BIO F419,MOLECULAR EVOLUTION,3 0 3,L,1,RAJESH MEHROTRA,M W F 8,C301,13/05/25 (AN),"07/03/25, Friday 06/03/25,",PM
BIO F421,ENZYMOLOGY,3 0 3,L,1,RAVIPRASAD ADURI,M W F 3,C301,09/05/25 (FN),Thursday,2:00 PM - 3:30 PM 11:30 AM - 01:00
BIO F451,BIOPROCESS TECHNOLOGY,3 0 3,L,1,SONAL AYAKAR,M W F 8,C302,13/05/25 (AN),"07/03/25, Friday",PM
BIO F491,SPECIAL PROJECT,3,R,1,DIBAKAR CHAKRABARTY,,,,"05/03/25,Wednesd",11:30 AM - 01:00
BIO G513,MICROBIAL FERMENT TECHNO,3 2 5,L,1,SONAL AYAKAR,T TH 3 W 10,C304,05/05/25 (AN),ay,PM
BIO G524,ANIMAL CELL TECHNOLOGY,5,L,1,ANGSHUMAN SARKAR,M W F 2,C304,15/05/25 (FN),"08/03/25, Saturday 05/03/25,Wednesd",9:30 AM - 11:00 AM 11:30 AM - 01:00
BIO G532,BIOSTATISTICS AND BIOMODELLING,3 1 4,L,1,"SUKANTA MONDAL/ Veeky Baths TUSAR TIRTHA SAHA, Angshuman Sarkar, Dibakar Chakrabarty, Indrani",T TH 3 W 10,C305,05/05/25 (AN),ay,PM
BIO G642,EXPERIMENTAL TECHNIQUES,4,P,1,"Talukdar, Utpal Roy, K P Sreelakshmi, Maurya Neha,Rachana Tiwari, Kavya Chandra, Jayapriya C S",M W 6 7 8,,TBA,"06/03/25,",
BIO G643,PLANT BIOTECHNOLOGY,5,L,1,"SANDHYA MEHROTRA/ Kundan Kumar Sandhya Mehrotra, Kundan Kumar, Karamchandani Arti Narendra, Yogesh",M W F 4,C304,07/05/25 (FN),Thursday,4:00 PM - 5:30 PM
BIO G643,PLANT BIOTECHNOLOGY,5,P,1,Negi,TBA,,,"06/03/25,",
BIO G651,PROTEIN AND ENZYME BIOENGINEERING,3 2 5,L,1,SUMIT BISWAS/ Sukanta Mondal,M W F 3,C304,09/05/25 (FN),Thursday,2:00 PM - 3:30 PM 9:30 AM - 11:00
BIOT F345,PROTEOMICS,3 0 3,L,1,SUMIT BISWAS,T 1 W F 5,C302,01/05/25 (FN),"03/03/25, Monday",AM
BIOT F422,NANOBIOTECHNOLOGY,3 0 3,L,1,MEENAL KOWSHIK/ Uttara Basu,T TH 2 F 7,C302,14/05/25 (FN),"07/03/25, Friday",2:00 PM - 3:30 PM 9:30 AM - 11:00
BIOT F424,FOOD BIOTECHNOLOGY,3 0 3,L,1,JUDITH MARIA BRAGANCA,M W F 5,C304,01/05/25 (FN),"03/03/25, Monday",AM
BITS C790T,INDEPENDENT STUDY,2,R,1,BHARAT DESHPANDE,,,,,
BITS C791T,TEACHING PRACTICE I,1,R,1,BHARAT DESHPANDE,,,,,
BITS C797T,PH D SEMINAR,2,R,1,BHARAT DESHPANDE,,,,,
BITS C799T,PH D THESIS,10,R,1,BHARAT DESHPANDE,,,,,
BITS E573,STUDY IN ADVANCED TOPICS I,5,R,1,BHARAT DESHPANDE,,,,,
BITS E574,STUDY IN ADV TOPICS II,5,R,1,BHARAT DESHPANDE,,,,,
BITS E583,CASE STUDIES I,5,R,1,BHARAT DESHPANDE,,,,,
BITS E661,RESEARCH METHODOLGY I,5,R,1,BHARAT DESHPANDE/ Pradeep Kumar Sow/ Reena Cheruvalath,T TH 9,A506,,,
BITS E793T,PRACTICE LECT SERIES I,1,R,1,BHARAT DESHPANDE,,,,,
BITS F110,ENGINEERING GRAPHICS,1 2 2,L,1,KARTHIKEYAN G/ Vikas Vinayak Chaudhari,M 7,LT3,30/04/25 (AN),"01/03/25, Saturday",TBA
BITS F110,ENGINEERING GRAPHICS,1 2 2,L,2,"Iniyan Thiruselvam N, Prasad Vinayak Patil",M 7,LT4,,,
BITS F110,ENGINEERING GRAPHICS,1 2 2,T,1,"Karthikeyan G, Vikas Vinayak Chaudhari",T 7,LT3,,,
BITS F110,ENGINEERING GRAPHICS,1 2 2,T,2,"Iniyan Thiruselvam N, Prasad Vinayak Patil",T 7,LT4,,,
BITS F110,ENGINEERING GRAPHICS,1 2 2,P,1,"Devendra Gokul Patil, Prasad Vinayak Patil, Pawar Rajat Ravindra, Sapkal Priyanka Balwant, Leo Mathew,Nikhil Dnyaneshwar Chopade,A.Porchelvan Karthikeyan G, Mali Kiran Dinkar, Pradyumna Kodancha, Sudip Banik,",W 4 5,CC 219,,,
BITS F110,ENGINEERING GRAPHICS,1 2 2,P,2,"Avadhut Dattatray Jakhi, Ajin Elias Alex Karthikeyan G, Sandeep Jose, Pradyumna Kodancha, Sudip Banik, Avadhut",TH 4 5,CC 219,,,
BITS F110,ENGINEERING GRAPHICS,1 2 2,P,3,"Dattatray Jakhi, Ajin Elias Alex Devendra Gokul Patil, Pritanshu Ranjan, Ajin Elias Alex, Sapkal Priyanka",TH 9 10,CC 219,,,
BITS F110,ENGINEERING GRAPHICS,1 2 2,P,4,"Balwant, Leo Mathew, Nikhil Dnyaneshwar Chopade, A.Porchelvan",F 2 3,CC 219,,,
BITS F111,THERMODYNAMICS,3 0 3,L,1,Ranjan Dey/ Jayadevan K P,M W 4,LT4,07/05/25 (AN),"08/03/25, Saturday",2:00 PM - 3:30 PM
BITS F111,THERMODYNAMICS,3 0 3,T,11,Ranjan Dey/ Jayadevan K P,F 4 T 1,LT4,,,
BITS F111,THERMODYNAMICS,3 0 3,T,12,Swastibrata Bhattacharyya,F 4 T 1,DLT6,,,
BITS F111,THERMODYNAMICS,3 0 3,T,13,Mrunalini Kawaduji Gaydhane,F 4 T 1,A602,,,
BITS F111,THERMODYNAMICS,3 0 3,L,2,VAIBHAV JOSHI/ Pritanshu Ranjan,M W 9,LT4,,,
BITS F111,THERMODYNAMICS,3 0 3,T,21,Vaibhav Joshi/ Pritanshu Ranjan,F 9 TH 9,LT4,,,
BITS F111,THERMODYNAMICS,3 0 3,T,22,Teny Theresa John,F 9 TH 9,DLT6,,,
BITS F111,THERMODYNAMICS,3 0 3,L,3,Shibu Clement / Senthamarai Kannan Ethirajulu,T TH 4,LT3,,,
BITS F111,THERMODYNAMICS,3 0 3,T,31,Shibu Clement/ Senthamarai Kannan Ethirajulu,W 1 T 1,LT3,,,
BITS F111,THERMODYNAMICS,3 0 3,T,32,Manas Ranjan Behera,W 1 T 1,A604,,,
BITS F111,THERMODYNAMICS,3 0 3,T,33,Samarshi Chakraborty,W 1 T 1,A502,,"06/03/25,",
BITS F232,FOUND OF DATA STRUC & ALGO,3 1 4,L,1,BHARAT DESHPANDE,M W F 3,DLT8,09/05/25 (FN),Thursday,2:00 PM - 3:30 PM
BITS F232,FOUND OF DATA STRUC & ALGO,3 1 4,P,1,Bharat Deshpande,TBA,,,"06/03/25,",
BITS F314,GAME THEORY AND IT'S APPLICATIONS,3 0 3,L,1,ANUSHAYA CHITTARANJAN MOHAPATRA,M W F 3,A602,09/05/25 (FN),Thursday,2:00 PM - 3:30 PM 11:30 AM - 01:00
BITS F316,NONLINEAR DYNAMICS AND CHAOS,3 0 3,L,1,GAURAV DAR/ Chandradew Sharma,M W F 8,C308,13/05/25 (AN),"07/03/25, Friday",PM
BITS F316,NONLINEAR DYNAMICS AND CHAOS,3 0 3,I,1,Akshay S H,,,,,
BITS F317,THEORETICAL NEUROSCIENCE,3 0 3,L,1,TOBY JOSEPH,M W F 3,C308,09/05/25 (FN),"06/03/25, Thursday",2:00 PM - 3:30 PM
BITS F327,ARTIFICIAL INTELLIGENCE FOR ROBOTICS,2 1 3,L,1,PRASAD VINAYAK PATIL,M W 2,TP,02/05/25 (AN),"03/03/25, Monday",4:00 PM - 5:30 PM
BITS F327,ARTIFICIAL INTELLIGENCE FOR ROBOTICS,2 1 3,P,1,Ashish M Bhalkikar,TBA,,,,
BITS F329,PRJ ON SOC & ENV APP OF DAT SC,3* or 4*,L,1,SNEHANSHU SAHA,TBA,,,"05/03/25,Wednesd",
BITS F364,HUMAN COMP INTERACTION,3 0 3,L,1,SURJYA GHOSH,M W F 9,C401,10/05/25 (AN),ay,2:00 PM - 3:30 PM
BITS F382,READING COURSE,3,R,1,TINCY LIS THOMAS,,,,"06/03/25,",
BITS F386,QUANTUM INFORMATION AND COMPUTATION,3 0 3,L,1,SANJIB DEY,M W F 3,C306,09/05/25 (FN),"Thursday 06/03/25,",2:00 PM - 3:30 PM
BITS F416,INTRO TO NANO SCIENCE,3 0 3,L,1,SUTAPA ROY RAMANAN,M W F 3,A503,09/05/25 (FN),"Thursday 06/03/25,",2:00 PM - 3:30 PM
BITS F419,MGMT OF CROSS CULT ENGG TEAMS,3 0 3,L,1,BASAVADATTA MITRA,M W F 3,C404,09/05/25 (FN),Thursday,2:00 PM - 3:30 PM
BITS F421T,THESIS,16,R,1,BIJU K RAVEENDRAN,,,,,
BITS F422T,THESIS,16,R,1,BIJU K RAVEENDRAN,,,,,
BITS F423T,THESIS,9,R,1,BIJU K RAVEENDRAN,,,,"05/03/25,Wednesd",
BITS F462,RENEWABLE ENERGY,3 0 3,L,1,MUKUND KESHAVRAO DESHMUKH,M W F 9,C306,10/05/25 (AN),ay,2:00 PM - 3:30 PM 9:30 AM - 11:00
BITS F463,CRYPTOGRAPHY,3 0 3,L,1,PRABAL PAUL,T TH 4 W 1,A602,03/05/25 (FN),"04/03/25, Tuesday 06/03/25,",AM
BITS F464,MACHINE LEARNING,3 0 3,L,1,ANAND NARASIMHAMURTHY/ Ashwin Srinivasan,M W F 3,DLT7,09/05/25 (FN),Thursday,2:00 PM - 3:30 PM
BITS G511,ADVANCED PROJECT,5,R,1,BHARAT DESHPANDE,,,,,
BITS G513,STUDY IN ADVANCED TOPICS,5,R,1,BHARAT DESHPANDE,,,,,
BITS G518,WRITING SEMINAR,5,L,1,KATHRYN SUSANNAH HUMMEL,TBA,,,,
BITS G529,RESEARCH PROJECT I,6,R,1,BHARAT DESHPANDE,,,,,
BITS G539,RESEARCH PROJECT II,6,R,1,BHARAT DESHPANDE,,,,,
BITS G540,RESEARCH PRACTICE,0 0 4,R,1,BHARAT DESHPANDE/ Pradeep Kumar Sow,,,,,
BITS G553,REAL TIME SYSTEMS,5,L,1,BIJU K RAVEENDRAN,M W F 4,D101,07/05/25 (FN),"06/03/25, Thursday",4:00 PM - 5:30 PM
BITS G562T,DISSERTATION,16,R,1,BHARAT DESHPANDE,,,,,
BITS G563T,DISSERTATION,16,R,1,BHARAT DESHPANDE,,,,,
BITS G565,DISSERTATION,5,R,1,BHARAT DESHPANDE,,,,,
BITS G619,PROFESSIONAL PRACTICE,4,R,1,BHARAT DESHPANDE,,,,,
BITS G620,PROFESSIONAL PRACTICE I,3 or 4,R,1,BHARAT DESHPANDE,,,,,
BITS G621,PROFESSIONAL PRACTICE II,3,R,1,BHARAT DESHPANDE,,,,,
BITS G629T,DISSERTATION,16,R,1,BHARAT DESHPANDE,,,,,
BITS G649,READING COURSE,5,R,1,BHARAT DESHPANDE,,,,,
BITS G654,ADV INSTRUMENTATION TECH,5,R,1,BHARAT DESHPANDE,,,,,
BITS G661,RESEARCH METHODOLOGY I,0 0 5,R,1,SOLANO DA SILVA / Mohan Kumar Bera/ Alamelu Geetha Krishnamurthy,T TH 10,A506,,,
CHE F241,HEAT TRANSFER,3 0 3,L,1,SUTAPA ROY RAMANAN,T TH 5 M 10,A605,06/05/25 (AN),"04/03/25, Tuesday",4:00 PM - 5:30 PM
CHE F241,HEAT TRANSFER,3 0 3,T,1,Sutapa Roy Ramanan/ Upasana Mahanta,W 7,A605,,,9:30 AM - 11:00
CHE F242,NUMERICAL METHODS FOR CHEMICAL ENGINEERS,3 0 3,L,1,PARAMITA HALDAR,M W F 8,A605,13/05/25 (FN),"07/03/25, Friday",AM
CHE F242,NUMERICAL METHODS FOR CHEMICAL ENGINEERS,3 0 3,T,1,Paramita Haldar,F 1,A605,,,
CHE F243,MATERIAL SCIENCE & ENGINEERING,3 0 3,L,1,RICHA SINGHAL,T TH 4 W 1,A605,02/05/25 (AN),"03/03/25, Monday",4:00 PM - 5:30 PM
CHE F243,MATERIAL SCIENCE & ENGINEERING,3 0 3,T,1,Richa Singhal,M 7,A605,,"06/03/25,",9:30 AM - 11:00
CHE F244,SEPARATION PROCESSES I,3 0 3,L,1,SAROJ SUNDAR BARAL,T TH F 10,A605,08/05/25 (FN),Thursday,AM
CHE F244,SEPARATION PROCESSES I,3 0 3,T,1,Saroj Sundar Baral/ Manas Ranjan Behera,M 1,A605,,,
CHE F266,STUDY PROJECT,3,R,1,"SAMPATRAO DAGU MANJARE SAURABH CHANDRAKANT PATANKAR, Manjuri Kumar, Jegatha Nambi",,,,,
CHE F341,CHEMICAL ENGG LAB II,0 3 3,P,1,"Krishnan, Sundari R, Upasana Mahanta, Samarshi Chakraborty",T TH 7 8 9,,TBA,,11:30 AM - 01:00
CHE F342,PROCESS DYN & CONTROL,3 0 3,L,1,AMOL DESHPANDE,M W F 5,A503,01/05/25 (AN),"03/03/25, Monday",PM
CHE F342,PROCESS DYN & CONTROL,3 0 3,T,1,Amol Deshpande,T 1,A503,,"06/03/25,",
CHE F343,PROCESS DES PRINCIPLE II,3 0 3,L,1,SRINIVAS KRISHNASWAMY,M W F 4,A503,07/05/25 (FN),Thursday,4:00 PM - 5:30 PM
CHE F343,PROCESS DES PRINCIPLE II,3 0 3,T,1,Puneet Siwach,M 1,A601,,,
CHE F366,LABORATORY PROJECT,3,R,1,SAMPATRAO DAGU MANJARE,,,,,
CHE F367,LABORATORY PROJECT,3,R,1,SAMPATRAO DAGU MANJARE,,,,,
CHE F376,DESIGN PROJECT,3,R,1,SAMPATRAO DAGU MANJARE,,,,,
CHE F377,DESIGN PROJECT,3,R,1,SAMPATRAO DAGU MANJARE,,,,,9:30 AM - 11:00
CHE F411,ENVIR POLLUTION CONTROL,3 0 3,L,1,SAMPATRAO DAGU MANJARE,M W F 2,A503,15/05/25 (FN),"08/03/25, Saturday",AM
CHE F412,PROCESS EQUIPMENT DESIGN,3 0 3,L,1,SUNDARI R,T TH 5 M 10,A604,06/05/25 (FN),"04/03/25, Tuesday",2:00 PM - 3:30 PM
CHE F413,PROCESS PLANT SAFETY,3 0 3,L,1,SAROJ SUNDAR BARAL,T TH 2 F 7,A503,14/05/25 (FN),"07/03/25, Friday",2:00 PM - 3:30 PM 11:30 AM - 01:00
CHE F414,TRANSPORT PHENOMENA,3 0 3,L,1,ASIMA SHAUKAT,M W F 8,A503,13/05/25 (AN),"07/03/25, Friday 05/03/25,Wednesd",PM
CHE F419,CHEMICAL PROCESS TECHNOLOGY,3 0 3,L,1,JEGATHA NAMBI KRISHNAN,M W F 9,A503,10/05/25 (AN),ay,2:00 PM - 3:30 PM
CHE F491,SPECIAL PROJECTS,3,R,1,SAMPATRAO DAGU MANJARE,,,,,11:30 AM - 01:00
CHE G522,POLYMER TECHNOLOGY,3 1 4,L,1,MANJURI KUMAR,M W F 8,A501,13/05/25 (AN),"07/03/25, Friday 05/03/25,Wednesd",PM 11:30 AM - 01:00
CHE G552,ADVANCED TRANSPORT PHENOMENA,5,L,1,ASIMA SHAUKAT,T TH 3 W 10,A503,05/05/25 (AN),"ay 06/03/25,",PM 11:30 AM - 01:00
CHE G558,CHEMICAL PROCESS OPTIMIZATION,4,L,1,RIJU DE,T TH F 10,A505,08/05/25 (AN),Thursday,PM 9:30 AM - 11:00
CHE G641,REACTION ENGINEERING,5,L,1,"SRINIVAS KRISHNASWAMY Rabi Narayan Panda, Abhinandan Bera, Neelamma M. K, Anisha Mishra,",T TH 4 W 1,A506,03/05/25 (FN),"04/03/25, Tuesday",AM
CHEM F110,CHEMISTRY LABORATORY,0 2 1,P,1,"Saloni Rajesh Chavan SUDIPTA CHATTERJEE, Ankita Sinha, Athul Krishna M, Saptaparna",M 2 3,,27/04/25 (AN),,
CHEM F110,CHEMISTRY LABORATORY,0 2 1,P,2,"Sinhababu, Shobha Mule Saurav Bhattacharya, Eshita Raghunath Kakodkar, Krishna Aravind P,",M 4 5,,,,
CHEM F110,CHEMISTRY LABORATORY,0 2 1,P,3,Mulgaonkar Truptesh Tukaram,T 2 3,,,,
CHEM F110,CHEMISTRY LABORATORY,0 2 1,P,4,"Uttara Basu, Ankita Sinha, Athul Krishna M, Shirsat Ashitosh Abhiman",T 4 5,,,,
CHEM F110,CHEMISTRY LABORATORY,0 2 1,P,5,"Subhadeep Banerjee, Lakshmi Rajan, Neha Gupta, Nirmal Kumar",W 2 3,,,,
CHEM F110,CHEMISTRY LABORATORY,0 2 1,P,6,"Anjan Chattopadhyay, Saloni Rajesh Chavan, Saptaparna Sinhababu, Shirsat Ashitosh Abhiman",W 4 5,,,,
CHEM F110,CHEMISTRY LABORATORY,0 2 1,P,7,"Tincy Lis Thomas, Anisha Mishra, Rolee Verma, Swaraj Gaonkar",W 6 7,,,,
CHEM F110,CHEMISTRY LABORATORY,0 2 1,P,8,"Ranjan Dey, Nidhi Nitin Parmekar, Pritam Saha, Rajshekhar Balagi",TH 2 3,,,,
CHEM F110,CHEMISTRY LABORATORY,0 2 1,P,9,"Tincy Lis Thomas, Rida Hashami, Rolee Verma, Swaraj Gaonkar Sandip Kumar Nandi, Eshita Raghunath Kakodkar, Krishna Aravind P,",TH 4 5,,,,
CHEM F110,CHEMISTRY LABORATORY,0 2 1,P,10,Mulgaonkar Truptesh Tukaram,F 2 3,,,,
CHEM F110,CHEMISTRY LABORATORY,0 2 1,P,11,"Subhadeep Banerjee, Nidhi Nitin Parmekar, Pritam Saha, Rajshekhar Balagi",F 4 5,,,,
CHEM F110,CHEMISTRY LABORATORY,0 2 1,P,12,"Bhavana P, Abhinandan Bera, Neelamma M. K, Rida Hashami",F 7 8,,,,
CHEM F110,CHEMISTRY LABORATORY,0 2 1,P,13,"Saurav Bhattacharya, Lakshmi Rajan, Neha Gupta, Nirmal Kumar",F 9 10,,,,9:30 AM - 11:00
CHEM F241,INORGANIC CHEMISTRY II,3 0 3,L,1,SAURAV BHATTACHARYA/ Bhavana P/ Woormileela Sinha,M W F 5,C402,01/05/25 (FN),"03/03/25, Monday",AM
CHEM F241,INORGANIC CHEMISTRY II,3 0 3,T,1,"Saurav Bhattacharya/ Bhavana P/ Woormileela Sinha AMRITA CHATTERJEE, Mainak Banerjee, Sanjay Kumar, Subhasish Roy, Abboy Chatterjee, Ankit Thakuri, Kedar Raghunath Khaparkhuntikar,",F 1 M 7 8 9,C402,,,
CHEM F242,CHEMICAL EXPER I,0 3 3,P,1,"Pinheiro Abigail Bibiana,Pinheiro Amanda Ana, Sawant Rahul Vilas, Soumik Saha Amrita Chatterjee, Mainak Banerjee, Sanjay Kumar, Subhasish Roy, Abboy",W 8 9 10,,TBA,,
CHEM F242,CHEMICAL EXPER I,0 3 3,P,1,"Chatterjee, Ankit Thakuri, Kedar Raghunath Khaparkhuntikar, Pinheiro Abigail Bibiana,Pinheiro Amanda Ana, Sawant Rahul Vilas, Soumik Saha",F 9,A508,,"06/03/25,",
CHEM F243,ORGANIC CHEMISTRY II,3 0 3,L,1,RASHMI CHAUHAN/ Sanjay Kumar/ Subhasish Roy,M W F 4,A501,07/05/25 (FN),Thursday,4:00 PM - 5:30 PM
CHEM F243,ORGANIC CHEMISTRY II,3 0 3,T,1,Rashmi Chauhan/ Sanjay Kumar/ Subhasish Roy,TH 9,A501,,,
CHEM F244,PHYSICAL CHEMISTRY III,3 0 3,L,1,ANJAN CHATTOPADHYAY/ Raghu Nath Behera,T TH 5 F 8,C402,04/05/25 (FN),"04/03/25, Tuesday",2:00 PM - 3:30 PM
CHEM F244,PHYSICAL CHEMISTRY III,3 0 3,T,1,Anjan Chattopadhyay/ Raghu Nath Behera,M 10,C402,,,
CHEM F266,STUDY PROJECT,3,R,1,TINCY LIS THOMAS,,,,,
CHEM F323,BIOPHYSICAL CHEMISTRY,3 0 3,L,1,SANDIP KUMAR NANDI,T TH 2 F 7,C301,14/05/25 (FN),"07/03/25, Friday",2:00 PM - 3:30 PM 9:30 AM - 11:00
CHEM F325,POLYMER CHEMISTRY,3 0 3,L,1,NARENDRA NATH GHOSH/ Rashmi Chauhan,T TH 4 W 1,A603,03/05/25 (FN),"04/03/25, Tuesday",AM
CHEM F326,SOLID STATE CHEMISTRY,3 0 3,L,1,RABI NARAYAN PANDA,T TH 2 F 7,A501,14/05/25 (FN),"07/03/25, Friday",2:00 PM - 3:30 PM 9:30 AM - 11:00
CHEM F327,ELECTROCHEMISTRY: FUNDAMENTALS AND APPLICATIONS,3 0 3,L,1,BHAVANA P/ Vankayala Kiran,T TH 4 W 1,C304,03/05/25 (FN),"04/03/25, Tuesday",AM
CHEM F328,SUPRAMOLECULAR CHEMISTRY,3 0 3,L,1,"MAINAK BANERJEE/ Amrita Chatterjee VANKAYALA KIRAN, Narendra Nath Ghosh, Prakash Halan, Raghu Nath Behera, Woormileela Sinha, Apoorva Maruti Pai, Gaonkar Asmita Dileep,",M W F 3,A501,09/05/25 (FN),"06/03/25, Thursday",2:00 PM - 3:30 PM
CHEM F341,CHEMICAL EXPERIMENTATION II,0 4 4,P,1,"Himani Arora, Nikam Rajeshwari Arun, Priyadarshan Badatya,Upar Darshana Anand",T TH 7 8 9,,TBA,"05/03/25,Wednesd",9:30 AM - 11:00
CHEM F342,ORGANIC CHEMISTRY IV,3 0 3,L,1,TINCY LIS THOMAS/ Subhadeep Banerjee,T TH 3 W 10,C402,05/05/25 (FN),ay,AM
CHEM F342,ORGANIC CHEMISTRY IV,3 0 3,T,1,Tincy Lis Thomas/ Subhadeep Banerjee,T 1,C402,,,11:30 AM - 01:00
CHEM F343,INORGANIC CHEMISTRY III,3 0 3,L,1,PRAKASH HALAN/ Sudipta Chatterjee/ Uttara Basu,M W F 2,A501,01/05/25 (AN),"08/03/25, Saturday",PM
CHEM F343,INORGANIC CHEMISTRY III,3 0 3,T,1,Prakash Halan/ Sudipta Chatterjee/ Uttara Basu,F 5,A501,,,
CHEM F366,LABORATORY PROJECT,3,R,1,TINCY LIS THOMAS,,,,,
CHEM F367,LABORATORY PROJECT,3,R,1,TINCY LIS THOMAS,,,,,
CHEM F376,DESIGN PROJECT,3,R,1,BHAVANA P,,,,,
CHEM F377,DESIGN PROJECT,3,R,1,BHAVANA P,,,,"06/03/25,",
CHEM F414,BIO & CHEMICAL SENSORS,3 0 3,L,1,SUNIL BHAND,M W F 3,C305,09/05/25 (FN),Thursday,2:00 PM - 3:30 PM
CHEM F491,SPECIAL PROJECT,3,R,1,BHAVANA P,,,,,
CS F111,COMPUTER PROGRAMMING,3 1 4,L,1,ARNAB KUMAR PAUL,M W F 2,LT4,10/05/25 (FN),"07/03/25, Friday",4:00 PM - 5:30 PM
CS F111,COMPUTER PROGRAMMING,3 1 4,L,2,Abhisek Chakrabarty,M W F 8,LT4,,,
CS F111,COMPUTER PROGRAMMING,3 1 4,L,3,"Swaroop Ravindra Joshi Arnab Kumar Paul, Abhisek Chakrabarty, Swaroop Ravindra Joshi, Surjya",T TH 2 F 7,LT4,,,
CS F111,COMPUTER PROGRAMMING,3 1 4,P,1,"Ghosh Arnab Kumar Paul, Abhisek Chakrabarty, Swaroop Ravindra Joshi, Surjya",T 7 8,CC 219,,,
CS F111,COMPUTER PROGRAMMING,3 1 4,P,2,"Ghosh Arnab Kumar Paul, Abhisek Chakrabarty, Swaroop Ravindra Joshi, Surjya",T 9 10,CC 219,,,
CS F111,COMPUTER PROGRAMMING,3 1 4,P,3,Ghosh,T 11 12,CC 219,,"06/03/25,",9:30 AM - 11:00
CS F211,DATA STRUCTURES & ALGORITHMS,3 1 4,L,1,SUJITH THOMAS,T TH F 10,LT1,08/05/25 (FN),Thursday,AM
CS F211,DATA STRUCTURES & ALGORITHMS,3 1 4,P,1,Sujith Thomas,W 7 8,CC 219,,,
CS F212,DATABASE SYSTEMS,3 1 4,L,1,SHUBHANGI GAWALI,T TH 4 W 1,LT1,02/05/25 (AN),"03/03/25, Monday",4:00 PM - 5:30 PM
CS F212,DATABASE SYSTEMS,3 1 4,P,1,"Shubhangi Gawali, Neena Goveas",M 7 8,CC 219,,,
CS F213,OBJECT ORIENTED PROG,3 1 4,L,1,ANITA B AGRAWAL,M W F 2,DLT5,15/05/25 (FN),"08/03/25, Saturday",9:30 AM - 11:00 AM
CS F213,OBJECT ORIENTED PROG,3 1 4,P,1,Anita B Agrawal,F 11 12,CC 219,,,
CS F241,MICROPROCESSORS & INTERFACING,3 1 4,L,1,GARGI SANKET PRABHU/ Manideepa Mukherjee Bhakat,T TH 5 M 10,LT1,06/05/25 (AN),"04/03/25, Tuesday",4:00 PM - 5:30 PM
CS F241,MICROPROCESSORS & INTERFACING,3 1 4,T,1,Gargi Sanket Prabhu/ Manideepa Mukherjee Bhakat,F 1,LT1,,,
CS F241,MICROPROCESSORS & INTERFACING,3 1 4,P,1,"Gargi Sanket Prabhu, Manideepa Mukherjee Bhakat",F 7 8,CC 219,,,
CS F266,STUDY PROJECT,3,R,1,SANTONU SARKAR,,,,"06/03/25,",
CS F303,COMPUTER NETWORKS,3 1 4,L,1,SANJAY KUMAR SAHAY,T 2 W F 4,LT1,07/05/25 (AN),Thursday,4:00 PM - 5:30 PM
CS F303,COMPUTER NETWORKS,3 1 4,P,1,Vinayak Shashikant Naik,TH 1 2,CC 219,,,9:30 AM - 11:00
CS F320,FOUNDATIONS OF DATA SCIENCE,3 0 3,L,1,SNEHANSHU SAHA/ Aditya Challa,M W F 2,DLT7,15/05/25 (FN),"08/03/25, Saturday",AM 11:30 AM - 01:00
CS F321,SYSTEM SECURITY,3 0 3,L,1,KUNAL KISHORE KORGAONKAR,M W F 8,DLT6,13/05/25 (AN),"07/03/25, Friday",PM 9:30 AM - 11:00
CS F342,COMPUTER ARCHITECTURE,3 1 4,L,1,AMALIN PRINCE A,T TH 4 W 1,DLT5,03/05/25 (FN),"04/03/25, Tuesday",AM
CS F342,COMPUTER ARCHITECTURE,3 1 4,P,1,Amalin Prince A,W 11 12,DLT5,,,11:30 AM - 01:00
CS F363,COMPILER CONSTRUCTION,2 1 3,L,1,RAMPRASAD JOSHI,W F 5,LT1,01/05/25 (AN),"03/03/25, Monday",PM
CS F363,COMPILER CONSTRUCTION,2 1 3,P,1,Ramprasad Joshi,M 4 5,LT1,,,
CS F364,DESIGN & ANAL OF ALGO,3 0 3,L,1,BHARAT DESHPANDE/ A Baskar,T TH 5 M 10,LT3,06/05/25 (FN),"04/03/25, Tuesday",2:00 PM - 3:30 PM
CS F366,LABORATORY PROJECT,3,R,1,SANTONU SARKAR,,,,,
CS F367,LABORATORY PROJECT,3,R,1,SANTONU SARKAR,,,,"05/03/25,Wednesd",
CS F372,OPERATING SYSTEMS,3 0 3,L,1,BIJU K RAVEENDRAN,M W F 9,DLT8,10/05/25 (AN),ay,2:00 PM - 3:30 PM
CS F372,OPERATING SYSTEMS,3 0 3,T,1,BIJU K RAVEENDRAN,T 9,DLT8,,,
CS F376,DESIGN PROJECT,3,R,1,SANTONU SARKAR,,,,,
CS F377,DESIGN PROJECT,3,R,1,SANTONU SARKAR,,,,,9:30 AM - 11:00
CS F402,COMPUTATIONAL GEOMETRY,3 0 3,L,1,SIDDHARTH GUPTA,M W F 2 T TH 3:30 to 4:50,C402,15/05/25 (FN),"08/03/25, Saturday",AM
CS F415,DATA MINING,3 0 3,L,1,HEMANT RATHORE,PM,DLT5,02/05/25 (FN),"03/03/25, Monday",2:00 PM - 3:30 PM
CS F425,DEEP LEARNING,3 0 3,L,1,TANMAY TULSIDAS VERLEKAR,T TH F 10,C404,08/05/25 (AN),"06/03/25, Thursday",11:30 AM - 01:00 PM 9:30 AM - 11:00
CS F430,APPROXIMATION ALGORITHMS,3 0 3,L,1,ANIKET BASU ROY,T TH 4 W 1,C402,03/05/25 (FN),"04/03/25, Tuesday",AM 11:30 AM - 01:00
CS F431,COMBINATORIAL OPTIMIZATION,3 0 3,L,1,DIPTENDU CHATTERJEE,M W F 8,DLT5,13/05/25 (AN),"07/03/25, Friday 05/03/25,Wednesd",PM
CS F433,COMPUTATIONAL NEUROSCIENCE,3 0 3,L,1,BASABDATTA BHATTACHARYA,M W F 9,C404,10/05/25 (AN),"ay 06/03/25,",2:00 PM - 3:30 PM 11:30 AM - 01:00
CS F434,DATA SCIENCE FOR HEALTHCARE,3,L,1,NEENA GOVEAS,T TH F 10,DLT6,08/05/25 (AN),Thursday,PM
CS G513,NETWORK SECURITY,4,L,1,SOUGATA SEN,T TH F 10,D103,TBA,TBA,9:30 AM - 11:00
CS G523,SOFT FOR EMBED SYS,3 2 5,L,1,ANUPAMA K R,M W F 5,D101,01/05/25 (FN),"03/03/25, Monday",AM
CS G523,SOFT FOR EMBED SYS,3 2 5,P,1,Anupama K R,TBA,,,,
CS G524,ADVANCED COMPUTER ARCHITECTURE,3 2 5,L,1,KANCHAN MANNA,T TH 5 M 10 M W 11 to 12.15,D103,TBA,TBA,9:30 AM - 11:00
CS G527,CLOUD COMPUTING,5,L,1,SANTONU SARKAR,PM,D103,01/05/25 (FN),"03/03/25, Monday 05/03/25,Wednesd",AM
DE G514,FRACTURE MECHANICS,3 2 5,L,1,VIKAS VINAYAK CHAUDHARI,M W F 3,A505,09/05/25 (AN),"ay 06/03/25,",4:00 PM - 5:30 PM 9:30 AM - 11:00
ECE F241,MICROPROCESSORS & INTERFACING,3 1 4,L,1,KIZHEPPATT VIPIN,W F 4 TH 9,DLT8,08/05/25 (FN),Thursday,AM
ECE F241,MICROPROCESSORS & INTERFACING,3 1 4,L,2,Vipin Joshi/ New Faculty,T TH F 10,LT2,,,
ECE F241,MICROPROCESSORS & INTERFACING,3 1 4,T,1,Kizheppatt Vipin,T 8,DLT7,,,
ECE F241,MICROPROCESSORS & INTERFACING,3 1 4,T,2,Vipin Joshi,M 1,LT1,,,
ECE F241,MICROPROCESSORS & INTERFACING,3 1 4,T,3,Arun Raman/New Faculty,W 7,DLT7,,,
ECE F241,MICROPROCESSORS & INTERFACING,3 1 4,P,1,Vipin Joshi,M 4 5,CC 219,,,
ECE F241,MICROPROCESSORS & INTERFACING,3 1 4,P,2,Arun Raman,M 4 5,CC 219,,,
ECE F241,MICROPROCESSORS & INTERFACING,3 1 4,P,3,Vipin Joshi,TH 7 8,CC 219,,,
ECE F241,MICROPROCESSORS & INTERFACING,3 1 4,P,4,Kizheppatt Vipin,TH 7 8,CC 219,,,
ECE F242,CONTROL SYSTEMS,3 0 3,L,1,NARAYAN SURESH MANJAREKAR,M W F 8,LT1,06/05/25 (AN),"04/03/25, Tuesday",4:00 PM - 5:30 PM
ECE F242,CONTROL SYSTEMS,3 0 3,L,2,Mahendra Singh Tomar,T TH 5 M 10,DLT6,,,
ECE F242,CONTROL SYSTEMS,3 0 3,T,1,Narayan Suresh Manjarekar,T 7,DLT8,,,
ECE F242,CONTROL SYSTEMS,3 0 3,T,2,Mahendra Singh Tomar,F 1,DLT8,,,
ECE F242,CONTROL SYSTEMS,3 0 3,T,3,Gautam G Bacher,M 7,DLT8,,,9:30 AM - 11:00
ECE F243,SIGNALS & SYSTEMS,3 0 3,L,1,Chirayu Amita Dilip Athalye,M W F 8,LT2,13/05/25 (FN),"07/03/25, Friday",AM
ECE F243,SIGNALS & SYSTEMS,3 0 3,L,2,ANURAG NISHAD,T TH 5 M 10,LT2,,,
ECE F243,SIGNALS & SYSTEMS,3 0 3,T,1,Chirayu Amita Dilip Athalye,T 7,DLT6,,,
ECE F243,SIGNALS & SYSTEMS,3 0 3,T,2,Anurag Nishad,F 1,LT2,,,
ECE F243,SIGNALS & SYSTEMS,3 0 3,T,3,Naveen Gupta,M 7,DLT7,,,
ECE F244,MICROELECTRONIC CIRCUITS,3 0 3,L,1,PRAVIN MANE,T TH 4 W 1,LT2,02/05/25 (AN),"03/03/25, Monday",4:00 PM - 5:30 PM
ECE F244,MICROELECTRONIC CIRCUITS,3 0 3,L,2,Debasis Das,T TH F 10,LT3,,,
ECE F244,MICROELECTRONIC CIRCUITS,3 0 3,T,1,Pravin Mane,M 1,LT2,,,
ECE F244,MICROELECTRONIC CIRCUITS,3 0 3,T,2,Debasis Das,T 8,DLT8,,,
ECE F244,MICROELECTRONIC CIRCUITS,3 0 3,T,3,Pravin Mane,W 7,DLT8,,,
ECE F266,STUDY PROJECT,3,R,1,ANITA B AGRAWAL,,,,,
ECE F341,ANALOG ELECTRONICS,3 1 4,L,1,RAMESHA C K,M W F 5,LT2,02/05/25 (FN),"03/03/25, Monday",2:00 PM - 3:30 PM
ECE F341,ANALOG ELECTRONICS,3 1 4,L,2,Tushar Sakorikar,T TH 5 M 10,DLT5,,,
ECE F341,ANALOG ELECTRONICS,3 1 4,T,1,Ramesha C K,T 7,DLT7,,,
ECE F341,ANALOG ELECTRONICS,3 1 4,T,2,Tushar Sakorikar,TH 1,DLT5,,,
ECE F341,ANALOG ELECTRONICS,3 1 4,T,3,Tushar Sakorikar,TH 9,LT2,,,
ECE F341,ANALOG ELECTRONICS,3 1 4,P,1,Ramesha C K/ Tushar Sakorikar,M 7 8,,,,
ECE F341,ANALOG ELECTRONICS,3 1 4,P,2,Ashish Chittora/ Souvik Ghosh,T 8 9,,,,
ECE F341,ANALOG ELECTRONICS,3 1 4,P,3,Tushar Sakorikar/ Vinaya Kumar K B,W 7 8,,,,
ECE F341,ANALOG ELECTRONICS,3 1 4,P,4,Souvik Ghosh/ Vinaya Kumar K B,TH 7 8,,,"05/03/25,Wednesd",9:30 AM - 11:00
ECE F343,COMMUNICATION NETWORKS,3 0 3,L,1,SARANG C DHONGDI,T TH 3 W 10,DLT5,05/05/25 (FN),ay,AM
ECE F344,INFORMATION THEORY & CODING,3 0 3,L,1,RAVI KADLIMATTI,T TH 2 F 7,DLT5,14/05/25 (FN),"07/03/25, Friday",2:00 PM - 3:30 PM
ECE F366,LABORATORY PROJECT,3,R,1,ANITA B AGRAWAL,,,,,
ECE F367,LABORATORY PROJECT,3,R,1,ANITA B AGRAWAL,,,,,
ECE F376,DESIGN PROJECT,3,R,1,ANURAG NISHAD,,,,,
ECE F377,DESIGN PROJECT,3,R,1,ANURAG NISHAD,,,,,
ECE F431,MOBILE TELECOMMUNICATION NETWORKS,3 0 3,L,1,NITIN SHARMA,T TH 5 M 10,C401,06/05/25 (FN),"04/03/25, Tuesday",2:00 PM - 3:30 PM
ECE F491,SPECIAL PROJECT,3,R,1,ANURAG NISHAD,,,,,9:30 AM - 11:00
ECON F211,PRINCIPLES OF ECONOMICS,3 0 3,L,1,ARFAT AHMAD SOFI/ Rajorshi Sen Gupta/ Yadawananda Neog Arfat Ahmad Sofi/ Rajorshi Sen Gupta/ Yadawananda Neog/ Anjali/ Golda,M W F 2,LT2,15/05/25 (FN),"08/03/25, Saturday",AM
ECON F211,PRINCIPLES OF ECONOMICS,3 0 3,T,1,Godly/ Khuplianmang Thangsing ./ Md Quaisar Ali/ Neethu Thomas,T 9,LT2,,"06/03/25,",
ECON F212,FUNDA OF FIN AND ACCOUNT,3 0 3,L,1,SUMAN GUPTA,M W F 3,LT2,09/05/25 (FN),Thursday,2:00 PM - 3:30 PM
ECON F212,FUNDA OF FIN AND ACCOUNT,3 0 3,I,1,Gayathri Sisir/ Nandini Venkatesh Adhini,,,,"06/03/25,",
ECON F215,COMPUTATIONAL METHODS FOR ECON,3 0 3,L,1,SANDIP SARKAR,M W F 3,C307,09/05/25 (AN),Thursday,2:00 PM - 3:30 PM
ECON F215,COMPUTATIONAL METHODS FOR ECON,3 0 3,I,1,Mansi Nair,,,,,9:30 AM - 11:00
ECON F241,ECONOMETRIC METHODS,3 0 3,L,1,RICHA SHUKLA,M W F 8,C307,13/05/25 (FN),"07/03/25, Friday",AM
ECON F241,ECONOMETRIC METHODS,3 0 3,T,1,Richa Shukla/ Ansari Gulam Goush/ Sneha,F 1,C307,,,
ECON F242,MICROECONOMICS,3 0 3,L,1,RAJORSHI SEN GUPTA/ Sandip Sarkar,M T W 7,C306,04/05/25 (FN),"04/03/25, Tuesday",4:00 PM - 5:30 PM
ECON F242,MICROECONOMICS,3 0 3,T,1,Rajorshi Sen Gupta/ Sandip Sarkar/ Ansari Gulam Goush,TH 11,C307,,,
ECON F243,MACROECONOMICS,3 0 3,L,1,YADAWANANDA NEOG,T TH 2 F 7,C307,11/05/25 (FN),"08/03/25, Saturday",2:00 PM - 3:30 PM
ECON F243,MACROECONOMICS,3 0 3,T,1,Yadawananda Neog/ Golda Godly/ Sabhya Yadav,TH 8,C301,,,9:30 AM - 11:00
ECON F244,ECONOMIC OF GROWTH & DEV,3 0 3,L,1,ARFAT AHMAD SOFI/ Rajesh Barik,M W F 5,C307,01/05/25 (FN),"03/03/25, Monday",AM
ECON F244,ECONOMIC OF GROWTH & DEV,3 0 3,T,1,Arfat Ahmad Sofi/ Rajesh Barik/ Khuplianmang Thangsing ./ Neethu Thomas,TH 7,C307,,,
ECON F266,STUDY PROJECT,3,R,1,SUMAN GUPTA,,,,,
ECON F315,FINANCIAL MANAGEMENT,3 0 3,L,1,RITIKA JAISWAL/ Ramappagari Leshma Manogna,M W F 3,DLT5,09/05/25 (AN),"06/03/25, Thursday",2:00 PM - 3:30 PM
ECON F315,FINANCIAL MANAGEMENT,3 0 3,I,1,Md Quaisar Ali,,,,"05/03/25,Wednesd",11:30 AM - 01:00
ECON F341,PUBLIC FINANCE THEORY & POLICY,3 0 3,L,1,DEBASIS PATNAIK,T TH 3 W 10,C307,05/05/25 (AN),ay,PM
ECON F341,PUBLIC FINANCE THEORY & POLICY,3 0 3,T,1,Debasis Patnaik/ Biswashree Tanaya Priyadarsini,TH 1,C307,,,11:30 AM - 01:00
ECON F342,APPLIED ECONOMETRICS,3 0 3,L,1,ASWINI KUMAR MISHRA,M W F 2,C307,04/05/25 (FN),"08/03/25, Saturday",PM
ECON F342,APPLIED ECONOMETRICS,3 0 3,T,1,Aswini Kumar Mishra/ Kamesh Anand K,T 1,C307,,,9:30 AM - 11:00
ECON F343,ECONOMIC ANAL OF PUB POL,3 0 3,L,1,RAJESH BARIK,M W F 9,C307,10/05/25 (FN),"09/03/25, Sunday",AM
ECON F343,ECONOMIC ANAL OF PUB POL,3 0 3,T,1,Rajesh Barik/Aiswarya Jose,TH 9,C307,,"05/03/25,Wednesd",
ECON F354,DERIVATIVES & RISK MANAGEMENT,3 0 3,L,1,RITIKA JAISWAL,M W F 9,LT1,10/05/25 (AN),ay,2:00 PM - 3:30 PM
ECON F354,DERIVATIVES & RISK MANAGEMENT,3 0 3,I,1,Gayathri Sisir/ Mayank Parashar,,,,"06/03/25,",11:30 AM - 01:00
ECON F355,BUSINESS ANALYSIS & VALUATION,3 0 3,L,1,MOHIT KUMAR,T TH F 10,DLT8,08/05/25 (AN),Thursday,PM
ECON F355,BUSINESS ANALYSIS & VALUATION,3 0 3,I,1,Abhijith Vj/ Amruta Anil Hippalgaonkar/ Biswashree Tanaya Priyadarsini,,,,,
ECON F366,LABORATORY PROJECT,3,R,1,CH.V.V.S.N.V PRASAD,,,,,
ECON F367,LABORATORY PROJECT,3,R,1,CH.V.V.S.N.V PRASAD,,,,,
ECON F376,DESIGN PROJECT,3,R,1,RICHA SHUKLA,,,,,
ECON F377,DESIGN PROJECT,3,R,1,RICHA SHUKLA,,,,,9:30 AM - 11:00
ECON F412,SECURITY ANALYSIS AND PORTFOLIO MANAGEMENT,3 0 3,L,1,RAMAPPAGARI LESHMA MANOGNA,T TH 4 W 11,DLT6,03/05/25 (FN),"04/03/25, Tuesday",AM
ECON F412,SECURITY ANALYSIS AND PORTFOLIO MANAGEMENT,3 0 3,I,1,Aiswarya Jose/ Shnehal Soni,,,,,
ECON F491,SPECIAL PROJECT,3,R,1,ASWINI KUMAR MISHRA,,,,"05/03/25,Wednesd",
EE G502,WATER AND WASTEWATER TREATMENT,3 2 5,L,1,JAYITA CHOPRA,M W F 3,A506,09/05/25 (AN),ay,4:00 PM - 5:30 PM
EE G506,ENVIRONMENTAL STATISTICS,3 2 5,L,1,PARAMITA HALDAR,T TH 5 M 10,A505,06/05/25 (FN),"04/03/25, Tuesday",2:00 PM - 3:30 PM
EE G605,ENVIRONMENTAL PROCESS ENGINEERING,3 2 5,L,1,SAURABH CHANDRAKANT PATANKAR,M W F 4,A506,07/05/25 (AN),"06/03/25, Thursday",4:00 PM - 5:30 PM 11:30 AM - 01:00
EEE F111,ELECTRICAL SCIENCES,3 0 3,L,1,Sarang C Dhongdi,M W F 2,LT3,03/05/25 (AN),"04/03/25, Tuesday",PM
EEE F111,ELECTRICAL SCIENCES,3 0 3,T,1,Sarang C Dhongdi,TH 1,LT3,,,
EEE F111,ELECTRICAL SCIENCES,3 0 3,L,2,MANISH GUPTA,M W F 3,LT4,,,
EEE F111,ELECTRICAL SCIENCES,3 0 3,T,2,Manish Gupta,TH 1,LT4,,,
EEE F111,ELECTRICAL SCIENCES,3 0 3,L,3,Sudeep Baudha,M W F 4,LT2,,,
EEE F111,ELECTRICAL SCIENCES,3 0 3,T,3,Sudeep Baudha,TH 1,LT2,,,
EEE F111,ELECTRICAL SCIENCES,3 0 3,L,4,Manish Gupta,M W F 8,DLT8,,,
EEE F111,ELECTRICAL SCIENCES,3 0 3,T,4,Manish Gupta,TH 1,LT4,,,
EEE F111,ELECTRICAL SCIENCES,3 0 3,L,5,Souvik Ghosh,M W F 9,LT2,,,
EEE F111,ELECTRICAL SCIENCES,3 0 3,T,5,Souvik Ghosh,TH 1,DLT6,,,
EEE F111,ELECTRICAL SCIENCES,3 0 3,L,6,Naveen Gupta,T TH 3 W 10,DLT8,,,
EEE F111,ELECTRICAL SCIENCES,3 0 3,T,6,Naveen Gupta,TH 1,DLT7,,,
EEE F111,ELECTRICAL SCIENCES,3 0 3,L,7,Apurba Chakraborty,T TH 3 W 10,LT4,,,
EEE F111,ELECTRICAL SCIENCES,3 0 3,T,7,Apurba Chakraborty,TH 1,LT1,,,
EEE F111,ELECTRICAL SCIENCES,3 0 3,L,8,Hrishikesh Shashikant Sonalikar,T TH 4 W 1,DLT8,,,
EEE F111,ELECTRICAL SCIENCES,3 0 3,T,8,Hrishikesh Shashikant Sonalikar,TH 1,DLT8,,,
EEE F216,ELECTRONIC DEVICES SIMULATION,0 2 2,P,1,MANISH GUPTA/ Ramesh Vasan,TBA,,TBA,"06/03/25,",9:30 AM - 11:00
EEE F241,MICROPROCESSORS & INTERFACING,3 1 4,L,1,KIZHEPPATT VIPIN,W F 4 TH 9,DLT8,08/05/25 (FN),Thursday,AM
EEE F241,MICROPROCESSORS & INTERFACING,3 1 4,L,2,Vipin Joshi/ New Faculty,T TH F 10,LT2,,,
EEE F241,MICROPROCESSORS & INTERFACING,3 1 4,T,1,Kizheppatt Vipin,T 8,DLT7,,,
EEE F241,MICROPROCESSORS & INTERFACING,3 1 4,T,2,Vipin Joshi,M 1,LT1,,,
EEE F241,MICROPROCESSORS & INTERFACING,3 1 4,T,3,Arun Raman/New Faculty,W 7,DLT7,,,
EEE F241,MICROPROCESSORS & INTERFACING,3 1 4,P,1,Vipin Joshi,M 4 5,CC 219,,,
EEE F241,MICROPROCESSORS & INTERFACING,3 1 4,P,2,Arun Raman,M 4 5,CC 219,,,
EEE F241,MICROPROCESSORS & INTERFACING,3 1 4,P,3,Vipin Joshi,TH 7 8,CC 219,,,
EEE F241,MICROPROCESSORS & INTERFACING,3 1 4,P,4,Kizheppatt Vipin,TH 7 8,CC 219,,,
EEE F242,CONTROL SYSTEMS,3 0 3,L,1,NARAYAN SURESH MANJAREKAR,M W F 8,LT1,06/05/25 (AN),"04/03/25, Tuesday",4:00 PM - 5:30 PM
EEE F242,CONTROL SYSTEMS,3 0 3,L,2,Mahendra Singh Tomar,T TH 5 M 10,DLT6,,,
EEE F242,CONTROL SYSTEMS,3 0 3,T,1,Narayan Suresh Manjarekar,T 7,DLT8,,,
EEE F242,CONTROL SYSTEMS,3 0 3,T,2,Mahendra Singh Tomar,F 1,DLT8,,,
EEE F242,CONTROL SYSTEMS,3 0 3,T,3,Gautam G Bacher,M 7,DLT8,,,9:30 AM - 11:00
EEE F243,SIGNALS & SYSTEMS,3 0 3,L,1,Chirayu Amita Dilip Athalye,M W F 8,LT2,13/05/25 (FN),"07/03/25, Friday",AM
EEE F243,SIGNALS & SYSTEMS,3 0 3,L,2,ANURAG NISHAD,T TH 5 M 10,LT2,,,
EEE F243,SIGNALS & SYSTEMS,3 0 3,T,1,Chirayu Amita Dilip Athalye,T 7,DLT6,,,
EEE F243,SIGNALS & SYSTEMS,3 0 3,T,2,Anurag Nishad,F 1,LT2,,,
EEE F243,SIGNALS & SYSTEMS,3 0 3,T,3,Naveen Gupta,M 7,DLT7,,,
EEE F244,MICROELECTRONIC CIRCUITS,3 0 3,L,1,PRAVIN MANE,T TH 4 W 1,LT2,02/05/25 (AN),"03/03/25, Monday",4:00 PM - 5:30 PM
EEE F244,MICROELECTRONIC CIRCUITS,3 0 3,L,2,Debasis Das,T TH F 10,LT3,,,
EEE F244,MICROELECTRONIC CIRCUITS,3 0 3,T,1,Pravin Mane,M 1,LT2,,,
EEE F244,MICROELECTRONIC CIRCUITS,3 0 3,T,2,Debasis Das,T 8,DLT8,,,
EEE F244,MICROELECTRONIC CIRCUITS,3 0 3,T,3,Pravin Mane,W 7,DLT8,,,
EEE F266,STUDY PROJECT,3,R,1,ANITA B AGRAWAL,,,,,
EEE F312,POWER SYSTEMS,3 0 3,L,1,MAHENDRA SINGH TOMAR/ Sudarshan Swain,T TH 2 F 7,DLT6,14/05/25 (FN),"07/03/25, Friday",2:00 PM - 3:30 PM
EEE F312,POWER SYSTEMS,3 0 3,T,1,Mahendra Singh Tomar/ Sudarshan Swain,M 1,DLT5,,,
EEE F313,ANALOG & DIGIT VLSI DES,3 0 3,L,1,APURBA CHAKRABORTY,T TH 5.00 to 6.15 pm,C304,08/05/25 (FN),"06/03/25, Thursday",9:30 AM - 11:00 AM
EEE F313,ANALOG & DIGIT VLSI DES,3 0 3,T,1,Apurba Chakraborty,F 10,C304,,,
EEE F341,ANALOG ELECTRONICS,3 1 4,L,1,RAMESHA C K,M W F 5,LT2,02/05/25 (FN),"03/03/25, Monday",2:00 PM - 3:30 PM
EEE F341,ANALOG ELECTRONICS,3 1 4,L,2,Tushar Sakorikar,T TH 5 M 10,DLT5,,,
EEE F341,ANALOG ELECTRONICS,3 1 4,T,1,Ramesha C K,T 7,DLT7,,,
EEE F341,ANALOG ELECTRONICS,3 1 4,T,2,Tushar Sakorikar,TH 1,DLT5,,,
EEE F341,ANALOG ELECTRONICS,3 1 4,T,3,Tushar Sakorikar,TH 9,LT2,,,
EEE F341,ANALOG ELECTRONICS,3 1 4,P,1,Ramesha C K/ Tushar Sakorikar,M 7 8,,,,
EEE F341,ANALOG ELECTRONICS,3 1 4,P,2,Ashish Chittora/ Souvik Ghosh,T 8 9,,,,
EEE F341,ANALOG ELECTRONICS,3 1 4,P,3,Tushar Sakorikar/ Vinaya Kumar K B,W 7 8,,,,
EEE F341,ANALOG ELECTRONICS,3 1 4,P,4,Souvik Ghosh/ Vinaya Kumar K B,TH 7 8,,,,
EEE F342,POWER ELECTRONICS,3 1 4,L,1,SUDARSHAN SWAIN,M W F 5,DLT8,11/05/25 (FN),"08/03/25, Saturday",4:00 PM - 5:30 PM
EEE F342,POWER ELECTRONICS,3 1 4,L,2,Ramesh Vasan,T TH 3 W 10,LT1,,,
EEE F342,POWER ELECTRONICS,3 1 4,P,1,Ramesh Vasan,M 7 8,,,,
EEE F342,POWER ELECTRONICS,3 1 4,P,2,Sudarshan Swain,W 7 8,,,,
EEE F342,POWER ELECTRONICS,3 1 4,P,3,Narayan Suresh Manjarekar,TH 7 8,,,,
EEE F348,FPGA BASED SYSTEM DESIGN LABOR,0 2 2,P,1,AMALIN PRINCE A,TH 11 12,DLT5,TBA,,
EEE F366,LABORATORY PROJECT,3,R,1,ANITA B AGRAWAL,,,,,
EEE F367,LABORATORY PROJECT,3,R,1,ANITA B AGRAWAL,,,,,
EEE F376,DESIGN PROJECT,3,R,1,ANURAG NISHAD,,,,,
EEE F377,DESIGN PROJECT,3,R,1,ANURAG NISHAD,,,,"06/03/25,",11:30 AM - 01:00
EEE F411,INTERNET OF THINGS,3 1 4,L,1,ANUPAMA K R,T TH F 10,DLT5,08/05/25 (AN),Thursday,PM
EEE F431,MOBILE TELECOMMUNICATION NETWORKS,3 0 3,L,1,NITIN SHARMA,T TH 5 M 10,C401,06/05/25 (FN),"04/03/25, Tuesday",2:00 PM - 3:30 PM
EEE F432,MEDICAL INSTRUMENTATION,3 0 3,L,1,VINAYA KUMAR K B,T TH F 10,C401,08/05/25 (AN),"06/03/25, Thursday 06/03/25,",11:30 AM - 01:00 PM
EEE F435,DIGITAL IMAGE PROCESSING,3 0 3,L,1,ASHISH CHITTORA,M W F 3,DLT6,09/05/25 (AN),Thursday,2:00 PM - 3:30 PM 9:30 AM - 11:00
EEE F473,WIND ELECTRICAL SYSTEM,3 0 3,L,1,MUKUND KESHAVRAO DESHMUKH,M W F 2,C401,15/05/25 (FN),"08/03/25, Saturday",AM 9:30 AM - 11:00
EEE F474,ANTENNA THEORY AND DESIGN,3 1 4,L,1,SUDEEP BAUDHA,T TH 4 W 1,C404,03/05/25 (FN),"04/03/25, Tuesday",AM 11:30 AM - 01:00
EEE G513,MACHINE LEARNING FOR ELECT ENG,4,L,1,ARUN RAMAN/ Chirayu Amita Dilip Athalye,F 1 2 T 11 12,DLT6,15/05/25 (AN),"08/03/25, Saturday 06/03/25,",PM
EEE G592,MOBILE AND PERSONAL COMMUNICATION,5,L,1,RAVI KADLIMATTI,M W F 4,D104,07/05/25 (FN),Thursday,4:00 PM - 5:30 PM 9:30 AM - 11:00
EEE G622,ADVANCED DIGITAL COMMUNICATION,5,L,1,NITIN SHARMA,M W F 5,D104,01/05/25 (FN),"03/03/25, Monday 06/03/25,",AM 11:30 AM - 01:00
EEE G627,NETWORK EMBEDDED APPLICATION,4,L,1,ANUPAMA K R,T TH F 10,DLT5,08/05/25 (AN),"Thursday 05/03/25,Wednesd",PM
FIN F311,DERIVATIVES & RISK MANAGEMENT,3 0 3,L,1,RITIKA JAISWAL,M W F 9,LT1,10/05/25 (AN),ay,2:00 PM - 3:30 PM
FIN F311,DERIVATIVES & RISK MANAGEMENT,3 0 3,I,1,Gayathri Sisir/ Mayank Parashar,,,,,9:30 AM - 11:00
FIN F313,SECURITY ANALYSIS AND PORTFOLIO MANAGEMENT,3 0 3,L,1,RAMAPPAGARI LESHMA MANOGNA,T TH 4 W 11,DLT6,03/05/25 (FN),"04/03/25, Tuesday",AM
FIN F313,SECURITY ANALYSIS AND PORTFOLIO MANAGEMENT,3 0 3,I,1,Shnehal Soni/ Aiswarya Jose,,,,"06/03/25,",
FIN F315,FINANCIAL MANAGEMENT,3 0 3,L,1,RITIKA JAISWAL/ Ramappagari Leshma Manogna,M W F 3,DLT5,09/05/25 (AN),Thursday,2:00 PM - 3:30 PM
FIN F315,FINANCIAL MANAGEMENT,3 0 3,I,1,Md Quaisar Ali,,,,"05/03/25,Wednesd",
FIN F414,FINANCIAL RISK ANALY & MANAG,3 0 3,L,1,SAROJ S PRASAD,M W F 9,DLT5,10/05/25 (AN),ay,2:00 PM - 3:30 PM
FIN F414,FINANCIAL RISK ANALY & MANAG,3 0 3,I,1,"Abhijith Vj, Kamesh Anand K",,,,"05/03/25,Wednesd",
GS F211,MOD POLITICAL CONCEPTS,3 0 3,L,1,SOLANO DA SILVA,M W F 3,A605,09/05/25 (AN),ay,4:00 PM - 5:30 PM 11:30 AM - 01:00
GS F212,ENVIRON DEV & CLIMATE CH,3 0 3,L,1,RAJIV KUMAR CHATURVEDI,M W F 8,A604,13/05/25 (AN),"07/03/25, Friday",PM 11:30 AM - 01:00
GS F221,BUSINESS COMMUNICATION,3 0 3,L,1,SHALINI UPADHYAY,M W F 2,C404,15/05/25 (AN),"08/03/25, Saturday 05/03/25,Wednesd",PM
GS F231,DYN OF SOCIAL CHANGE,3 0 3,L,1,SAYANTANI SARKAR,M W F 3,A502,09/05/25 (AN),ay,4:00 PM - 5:30 PM
GS F232,INTRODUCTORY PSYCHOLOGY,3 0 3,L,1,ASWINI S,T TH 2 F 7,A502,14/05/25 (FN),"07/03/25, Friday",2:00 PM - 3:30 PM
GS F234,DEVELOPMENT ECONOMICS,3 0 3,L,1,RUDRA PRASAD PRADHAN,M W F 4,A605,07/05/25 (FN),"06/03/25, Thursday 05/03/25,Wednesd",4:00 PM - 5:30 PM
GS F241,CREATIVE WRITING,2 1 3,L,1,AMITENDU BHATTACHARYA,M W F 3,C402,09/05/25 (AN),ay,4:00 PM - 5:30 PM 11:30 AM - 01:00
GS F242,CULTURAL STUDIES,3 0 3,L,1,ALAMELU GEETHA KRISHNAMURTHY,M W F 2,C301,15/05/25 (AN),"08/03/25, Saturday",PM 9:30 AM - 11:00
GS F245,EFFECTIVE PUBLIC SPEAKING,2 1 3,L,1,SHALINI UPADHYAY,M W F 5,A605,01/05/25 (FN),"03/03/25, Monday",AM 11:30 AM - 01:00
GS F322,CRITI ANAL OF LIT & CINE,3 0 3,L,1,GEETHA BAKILAPADAVU,M W F 2,A502,15/05/25 (AN),"08/03/25, Saturday",PM 11:30 AM - 01:00
HSS F235,INTRODUCTORY PHILOSOPHY,3 0 3,L,1,HAREESH AG,M W F 2,A605,15/05/25 (AN),"08/03/25, Saturday 05/03/25,Wednesd",PM 9:30 AM - 11:00
HSS F237,CONTEMPORARY INDIAN ENGLISH FI,3 0 3,L,1,AMITENDU BHATTACHARYA,T TH 3 W 10,C301,05/05/25 (FN),"ay 05/03/25,Wednesd",AM 9:30 AM - 11:00
HSS F317,INTRODUCTION TO GLOBALIZATION,3 0 3,L,1,SAYANTANI SARKAR,T TH 3 W 10,A601,05/05/25 (FN),"ay 05/03/25,Wednesd",AM
HSS F318,INTRODUCTION TO ANTHROPOLOGY,3 0 3,L,1,NILANJANA GOSWAMI,M W F 3,A604,09/05/25 (AN),ay,4:00 PM - 5:30 PM 9:30 AM - 11:00
HSS F330,APPRECIATION OF ART,3 0 3,L,1,KATHRYN SUSANNAH HUMMEL,M W F 5,A601,01/05/25 (FN),"03/03/25, Monday",AM
HSS F334,SRIMAD BHAGAVAD GITA,3 0 3,L,1,VADIRAJ HEMADRI,T TH 2 F 7,A601,14/05/25 (FN),"07/03/25, Friday",2:00 PM - 3:30 PM
HSS F339,THEATER ACT AND PROD,3 0 3,L,1,VIKRAM VEPA,T TH 2 to 3.15 PM,A507,16/05/25 (AN),"08/03/25, Saturday 05/03/25,Wednesd",4:00 PM - 5:30 PM
HSS F346,INTERNATIONAL RELATIONS,3 0 3,L,1,RUDRA PRASAD PRADHAN,M W F 9,A605,10/05/25 (AN),ay,2:00 PM - 3:30 PM 11:30 AM - 01:00
HSS F347,INTRODUCTION TO CARNATIC MUSIC,3 0 3,L,1,REENA CHERUVALATH,M W F 5,A507,16/05/25 (FN),"04/03/25, Tuesday",PM
HSS F347,INTRODUCTION TO CARNATIC MUSIC,3 0 3,L,2,REENA CHERUVALATH,M W F 9,A507,,,
HSS F349,ECOCRITICISM,3 0 3,L,1,RAYSON K ALEX,T TH 2 F 7,A603,14/05/25 (FN),"07/03/25, Friday 05/03/25,Wednesd",2:00 PM - 3:30 PM 9:30 AM - 11:00
HSS F362,LOCAL GOVERN & PARTICIPATION,3 0 3,L,1,MOHAN KUMAR BERA,T TH 3 W 10,A603,05/05/25 (FN),"ay 05/03/25,Wednesd",AM
HSS F365,SCIENCE OF SUSTAIN HAPPINESS,3 0 3,L,1,ASWINI S,M W F 9,A602,10/05/25 (AN),"ay 05/03/25,Wednesd",2:00 PM - 3:30 PM 9:30 AM - 11:00
HSS F373,SHAKESPEARE AND POPULAR CULTUR,3 0 3,L,1,NILAK DATTA,T TH 3 W 10,A501,05/05/25 (FN),ay,AM
HSS F379,INTRO TO PHILOSOPHY OF SCIENCE,3 0 3,L,1,HAREESH AG,T TH 2 F 7,A604,14/05/25 (FN),"07/03/25, Friday",2:00 PM - 3:30 PM
HSS F381,ENVIRONMENTAL SUSTAINABILITY VENTURES,3 0 3,L,1,RAJIV KUMAR CHATURVEDI,M 9 F 11 12,L201,TBA,"TBA 06/03/25,",
HSS F383,INTRO TO MUSEUM STUDIES,3 0 3,L,1,NILAK DATTA,M W F 4,A502,07/05/25 (FN),Thursday,4:00 PM - 5:30 PM
HSS F390,SCIENCE AND THE HUMANITIES: THE TWO CULTURE DEBATE,3 0 3,L,1,GEETHA BAKILAPADAVU/ Reena Cheruvalath/ Hareesh AG,M W 12 Noon to 1:15 PM,A604,01/05/25 (FN),"03/03/25, Monday 06/03/25,",9:30 AM - 11:00 AM 9:30 AM - 11:00
INSTR F241,MICROPROCESSORS & INTERFACING,3 1 4,L,1,KIZHEPPATT VIPIN,W F 4 TH 9,DLT8,08/05/25 (FN),Thursday,AM
INSTR F241,MICROPROCESSORS & INTERFACING,3 1 4,L,2,Vipin Joshi/ New Faculty,T TH F 10,LT2,,,
INSTR F241,MICROPROCESSORS & INTERFACING,3 1 4,T,1,Kizheppatt Vipin,T 8,DLT7,,,
INSTR F241,MICROPROCESSORS & INTERFACING,3 1 4,T,2,Vipin Joshi,M 1,LT1,,,
INSTR F241,MICROPROCESSORS & INTERFACING,3 1 4,T,3,Arun Raman/New Faculty,W 7,DLT7,,,
INSTR F241,MICROPROCESSORS & INTERFACING,3 1 4,P,1,Vipin Joshi,M 4 5,CC 219,,,
INSTR F241,MICROPROCESSORS & INTERFACING,3 1 4,P,2,Arun Raman,M 4 5,CC 219,,,
INSTR F241,MICROPROCESSORS & INTERFACING,3 1 4,P,3,Vipin Joshi,TH 7 8,CC 219,,,
INSTR F241,MICROPROCESSORS & INTERFACING,3 1 4,P,4,Kizheppatt Vipin,TH 7 8,CC 219,,,
INSTR F242,CONTROL SYSTEMS,3 0 3,L,1,NARAYAN SURESH MANJAREKAR,M W F 8,LT1,06/05/25 (AN),"04/03/25, Tuesday",4:00 PM - 5:30 PM
INSTR F242,CONTROL SYSTEMS,3 0 3,L,2,Mahendra Singh Tomar,T TH 5 M 10,DLT6,,,
INSTR F242,CONTROL SYSTEMS,3 0 3,T,1,Narayan Suresh Manjarekar,T 7,DLT8,,,
INSTR F242,CONTROL SYSTEMS,3 0 3,T,2,Mahendra Singh Tomar,F 1,DLT8,,,
INSTR F242,CONTROL SYSTEMS,3 0 3,T,3,Gautam G Bacher,M 7,DLT8,,,9:30 AM - 11:00
INSTR F243,SIGNALS & SYSTEMS,3 0 3,L,1,Chirayu Amita Dilip Athalye,M W F 8,LT2,13/05/25 (FN),"07/03/25, Friday",AM
INSTR F243,SIGNALS & SYSTEMS,3 0 3,L,2,ANURAG NISHAD,T TH 5 M 10,LT2,,,
INSTR F243,SIGNALS & SYSTEMS,3 0 3,T,1,Chirayu Amita Dilip Athalye,T 7,DLT6,,,
INSTR F243,SIGNALS & SYSTEMS,3 0 3,T,2,Anurag Nishad,F 1,LT2,,,
INSTR F243,SIGNALS & SYSTEMS,3 0 3,T,3,Naveen Gupta,M 7,DLT7,,,
INSTR F244,MICROELECTRONIC CIRCUITS,3 0 3,L,1,PRAVIN MANE,T TH 4 W 1,LT2,02/05/25 (AN),"03/03/25, Monday",4:00 PM - 5:30 PM
INSTR F244,MICROELECTRONIC CIRCUITS,3 0 3,L,2,Debasis Das,T TH F 10,LT3,,,
INSTR F244,MICROELECTRONIC CIRCUITS,3 0 3,T,1,Pravin Mane,M 1,LT2,,,
INSTR F244,MICROELECTRONIC CIRCUITS,3 0 3,T,2,Debasis Das,T 8,DLT8,,,
INSTR F244,MICROELECTRONIC CIRCUITS,3 0 3,T,3,Pravin Mane,W 7,DLT8,,,
INSTR F266,STUDY PROJECT,3,R,1,ANITA B AGRAWAL,T TH 5.00 to 6.15,,,"06/03/25,",9:30 AM - 11:00
INSTR F313,ANALOG & DIGIT VLSI DES,3 0 3,L,1,APURBA CHAKRABORTY,pm,C304,08/05/25 (FN),Thursday,AM
INSTR F313,ANALOG & DIGIT VLSI DES,3 0 3,T,1,Apurba Chakraborty,F 10,C304,,,
INSTR F341,ANALOG ELECTRONICS,3 1 4,L,1,RAMESHA C K,M W F 5,LT2,02/05/25 (FN),"03/03/25, Monday",2:00 PM - 3:30 PM
INSTR F341,ANALOG ELECTRONICS,3 1 4,L,2,Tushar Sakorikar,T TH 5 M 10,DLT5,,,
INSTR F341,ANALOG ELECTRONICS,3 1 4,T,1,Ramesha C K,T 7,DLT7,,,
INSTR F341,ANALOG ELECTRONICS,3 1 4,T,2,Tushar Sakorikar,TH 1,DLT5,,,
INSTR F341,ANALOG ELECTRONICS,3 1 4,T,3,Tushar Sakorikar,TH 9,LT2,,,
INSTR F341,ANALOG ELECTRONICS,3 1 4,P,1,Ramesha C K/ Tushar Sakorikar,M 7 8,,,,
INSTR F341,ANALOG ELECTRONICS,3 1 4,P,2,Ashish Chittora/ Souvik Ghosh,T 8 9,,,,
INSTR F341,ANALOG ELECTRONICS,3 1 4,P,3,Tushar Sakorikar/ Vinaya Kumar K B,W 7 8,,,,
INSTR F341,ANALOG ELECTRONICS,3 1 4,P,4,Souvik Ghosh/ Vinaya Kumar K B,TH 7 8,,,,
INSTR F342,POWER ELECTRONICS,3 1 4,L,1,SUDARSHAN SWAIN,M W F 5,DLT8,11/05/25 (FN),"08/03/25, Saturday",4:00 PM - 5:30 PM
INSTR F342,POWER ELECTRONICS,3 1 4,L,2,Ramesh Vasan,T TH 3 W 10,LT1,,,
INSTR F342,POWER ELECTRONICS,3 1 4,P,1,Sudarshan Swain,M 7 8,,,,
INSTR F342,POWER ELECTRONICS,3 1 4,P,2,Ramesh Vasan,W 7 8,,,,
INSTR F342,POWER ELECTRONICS,3 1 4,P,3,Narayan Suresh Manjarekar,TH 7 8,,,"06/03/25,",
INSTR F343,INDUS INSTRUMENT & CONT,3 0 3,L,1,GAUTAM G BACHER,M W F 4,DLT5,07/05/25 (FN),Thursday,4:00 PM - 5:30 PM
INSTR F343,INDUS INSTRUMENT & CONT,3 0 3,T,1,Gautam G Bacher,M 1,DLT6,,,
INSTR F366,LABORATORY PROJECT,3,R,1,ANITA B AGRAWAL,,,,,
INSTR F367,LABORATORY PROJECT,3,R,1,ANITA B AGRAWAL,,,,,
INSTR F376,DESIGN PROJECT,3,R,1,ANURAG NISHAD,,,,,
INSTR F377,DESIGN PROJECT,3,R,1,ANURAG NISHAD,,,,"06/03/25,",11:30 AM - 01:00
INSTR F432,MEDICAL INSTRUMENTATION,3 0 3,L,1,VINAYA KUMAR K B,T TH F 10,C401,08/05/25 (AN),Thursday,PM 9:30 AM - 11:00
INSTR F473,WIND ELECTRICAL SYSTEM,3 0 3,L,1,MUKUND KESHAVRAO DESHMUKH,M W F 2,C401,15/05/25 (FN),"08/03/25, Saturday",AM
INSTR F491,SPECIAL PROJECT,3,R,1,ANURAG NISHAD,,,,,11:30 AM - 01:00
IS F462,NETWORK PROGRAMMING,3 0 3,L,1,VINAYAK SHASHIKANT NAIK,T TH 2 to 3:15 PM,DLT5,16/05/25 (FN),"04/03/25, Tuesday 05/03/25,Wednesd",PM 11:30 AM - 01:00
MATH F112,MATHEMATICS II,3 0 3,L,1,Manoj Kumar Pandey/Prabal Paul,M W F 3,LT3,05/05/25 (AN),ay,PM
MATH F112,MATHEMATICS II,3 0 3,L,2,TARKESHWAR SINGH,M W F 4,LT3,,,
MATH F112,MATHEMATICS II,3 0 3,L,3,Vaibhav Mehandiratta,M W F 8,LT3,,,
MATH F112,MATHEMATICS II,3 0 3,L,4,Mukesh Kumar Nagar,M W F 9,LT3,,,
MATH F112,MATHEMATICS II,3 0 3,L,5,Anushaya Chittaranjan Mohapatra/ Devika S,T TH 3 W 10,LT3,,,
MATH F112,MATHEMATICS II,3 0 3,L,6,Minhajul/Monojit Bhattacharjee,T TH 4 W 1,LT4,,,
MATH F112,MATHEMATICS II,3 0 3,T,1,Siddhant Naik,W 7,DLT5,,,
MATH F112,MATHEMATICS II,3 0 3,T,2,Raina Mary Thomas,W 7,DLT6,,,
MATH F112,MATHEMATICS II,3 0 3,T,3,Drishya T. Das,W 7,A602,,,
MATH F112,MATHEMATICS II,3 0 3,T,4,Debendra Prasad Panda,W 7,C401,,,
MATH F112,MATHEMATICS II,3 0 3,T,5,Adeep Varghese,W 7,C307,,,
MATH F112,MATHEMATICS II,3 0 3,T,6,Basil Paul,TH 8,A605,,,
MATH F112,MATHEMATICS II,3 0 3,T,7,Sarita Sihag,TH 8,C401,,,
MATH F112,MATHEMATICS II,3 0 3,T,8,Amit,TH 8,DLT7,,,
MATH F112,MATHEMATICS II,3 0 3,T,9,Vighnesh Vinod Alavani,TH 8,DLT8,,,
MATH F112,MATHEMATICS II,3 0 3,T,10,P Varada,TH 8,LT4,,,
MATH F112,MATHEMATICS II,3 0 3,T,11,Rane Poonam Babani,TH 9,A605,,,
MATH F113,PROBABILITY AND STATISTICS,3 0 3,L,1,MAYANK GOEL,M W F 5,LT3,02/05/25 (FN),"03/03/25, Monday",2:00 PM - 3:30 PM
MATH F113,PROBABILITY AND STATISTICS,3 0 3,L,2,Pradeep Boggarapu,T TH 5 M 10,LT4,,,
MATH F113,PROBABILITY AND STATISTICS,3 0 3,T,1,Patil Jatin Suresh,M 1,C401,,,
MATH F113,PROBABILITY AND STATISTICS,3 0 3,T,2,Shivani Tushar Parab,F 1,A602,,,
MATH F113,PROBABILITY AND STATISTICS,3 0 3,T,3,Ranjit Kumar Sharma,T 8,A501,,,
MATH F113,PROBABILITY AND STATISTICS,3 0 3,T,4,Darshan Gokuldas Shanbhag,M 1,A604,,,
MATH F113,PROBABILITY AND STATISTICS,3 0 3,T,5,Rakib Mondal,F 1,C401,,,
MATH F113,PROBABILITY AND STATISTICS,3 0 3,T,6,Shravani V Shetgaonkar,T 8,A503,,,
MATH F231,NUMBER THEORY,3 0 3,L,1,GUNJA SACHDEVA,T TH 2 F 7,A602,14/05/25 (FN),"07/03/25, Friday",2:00 PM - 3:30 PM 9:30 AM - 11:00
MATH F241,MATHEMATICAL METHODS,3 0 3,L,1,Minhajul/ Vaibhav Mehandiratta,M W F 5,A502,01/05/25 (FN),"03/03/25, Monday",AM
MATH F241,MATHEMATICAL METHODS,3 0 3,T,1,Minhajul/ Vaibhav Mehandiratta,T 9,A604,,"06/03/25,",11:30 AM - 01:00
MATH F242,OPERATIONS RESEARCH,3 0 3,L,1,AMIT SETIA,T TH F 10,A602,08/05/25 (AN),Thursday,PM
MATH F242,OPERATIONS RESEARCH,3 0 3,T,1,Amit Setia,T 7,A602,,,11:30 AM - 01:00
MATH F243,GRAPHS AND NETWORKS,3 0 3,L,1,YASMEEN SHAMEEM AKHTAR,M W F 2,A602,15/05/25 (FN),"08/03/25, Saturday",PM
MATH F243,GRAPHS AND NETWORKS,3 0 3,T,1,Yasmeen Shameem Akhtar,TH 8,A602,,"05/03/25,Wednesd",
MATH F244,MEASURE & INTEGRATION,3 0 3,L,1,M THAMBAN NAIR,M W F 9,A502,10/05/25 (AN),ay,2:00 PM - 3:30 PM
MATH F244,MEASURE & INTEGRATION,3 0 3,T,1,M Thamban Nair,T 8,A502,,,
MATH F266,STUDY PROJECT,3,R,1,PRASANNA KUMAR N.,,,,"05/03/25,Wednesd",
MATH F313,NUMERICAL ANALYSIS,3 0 3,L,1,DEVIKA S,M W F 3,A601,09/05/25 (AN),ay,4:00 PM - 5:30 PM 11:30 AM - 01:00
MATH F315,INTRO TO STATISTICAL INFERENCE,3 0 3,L,1,DEBOLINA GHATAK,M W F 8,A502,13/05/25 (AN),"07/03/25, Friday 05/03/25,Wednesd",PM 9:30 AM - 11:00
MATH F341,INTRO TO FUNCTIONAL ANAL,3 0 3,L,1,JAJATI KESHARI SAHOO,T TH 3 W 10,A502,05/05/25 (FN),ay,AM
MATH F341,INTRO TO FUNCTIONAL ANAL,3 0 3,T,1,Jajati Keshari Sahoo,TH 9,A502,,,11:30 AM - 01:00
MATH F342,DIFFERENTIAL GEOMETRY,3 0 3,L,1,PRASANNA KUMAR N.,M W F 2,A603,15/05/25 (FN),"08/03/25, Saturday",PM
MATH F342,DIFFERENTIAL GEOMETRY,3 0 3,T,1,Prasanna Kumar N.,T 1,A501,,,9:30 AM - 11:00
MATH F343,PARTIAL DIFF EQUATIONS,3 0 3,L,1,MANOJ KUMAR PANDEY,M W F 9,A603,10/05/25 (FN),"09/03/25, Sunday",AM
MATH F343,PARTIAL DIFF EQUATIONS,3 0 3,T,1,Manoj Kumar Pandey,T 9,A603,,"05/03/25,Wednesd",
MATH F353,STATISTICAL INFER & APP,3 0 3,L,1,SHILPA SURESH GONDHALI,M W F 9,A604,10/05/25 (AN),ay,2:00 PM - 3:30 PM
MATH F366,LABORATORY PROJECT,3,R,1,PRASANNA KUMAR N.,,,,,
MATH F367,LABORATORY PROJECT,3,R,1,PRASANNA KUMAR N.,,,,,
MATH F376,DESIGN PROJECT,3,R,1,PRASANNA KUMAR N.,,,,,
MATH F377,DESIGN PROJECT,3,R,1,PRASANNA KUMAR N.,,,,,9:30 AM - 11:00
MATH F432,APPLIED STATISTICAL METHODS,3 0 3,L,1,SRAVAN DANDA,T TH 4 W 1,C401,03/05/25 (FN),"04/03/25, Tuesday 05/03/25,Wednesd",AM
MATH F444,NUMERICAL SOL OF ODE,3 0 3,L,1,DANUMJAYA PALLA,M W F 9,A501,10/05/25 (AN),ay,2:00 PM - 3:30 PM 11:30 AM - 01:00
MATH F471,NONLINEAR OPTIMIZATION,3 0 3,L,1,ANIL KUMAR,M W F 8,A603,13/05/25 (AN),"07/03/25, Friday",PM
MATH F491,SPECIAL PROJECT,3,R,1,PRASANNA KUMAR N.,,,,,
MATH G515,TOPICS IN DIFFERENTIAL EQUATIONS,5,L,1,AMIYA KUMAR PANI,TBA,,,,
MATH G516,TOPICS IN TOPOLOGY,5,L,1,HIMADRI MUKHERJEE,TBA,,,,
ME F112,WORKSHOP PRACTICE,1 1 2,L,1,RAJIV SHINDE,M 7,LT2,30/04/25 (FN),,
ME F112,WORKSHOP PRACTICE,1 1 2,L,2,Rajiv Shinde,T 9,LT4,,,
ME F112,WORKSHOP PRACTICE,1 1 2,P,1,Sapkal Priyanka Balwant,M 2 3 4,,,,
ME F112,WORKSHOP PRACTICE,1 1 2,P,2,Rao Rushil Ratnakar,T 2 3 4,,,,
ME F112,WORKSHOP PRACTICE,1 1 2,P,3,Ashish M Bhalkikar,W 2 3 4,,,,
ME F112,WORKSHOP PRACTICE,1 1 2,P,4,Jaya Sudheer Kumar Kanikicharla,TH 2 3 4,,,,
ME F112,WORKSHOP PRACTICE,1 1 2,P,5,Avadhut Dattatray Jakhi,F 2 3 4,,,,
ME F112,WORKSHOP PRACTICE,1 1 2,P,6,Leo Mathew,F 7 8 9,,,"06/03/25,",9:30 AM - 11:00
ME F218,ADVANCED MECHANICS OF SOLIDS,2 0 2,L,1,ABHINAVA CHATTERJEE,T TH 10,DLT7,08/05/25 (FN),Thursday,AM
ME F218,ADVANCED MECHANICS OF SOLIDS,2 0 2,T,1,Abhinava Chatterjee,F 10,DLT7,,,
ME F219,MANUFACTURING PROCESSES,3 1 4,L,1,PUSHKAR PRAKASH KAMBLE,T TH 4 W 1,DLT7,02/05/25 (AN),"03/03/25, Monday",4:00 PM - 5:30 PM
ME F219,MANUFACTURING PROCESSES,3 1 4,T,1,"Pushkar Prakash Kamble Biswajit Das, Sudhy S Panicker, Pushkar Prakash Kamble, Manik Anandrao",,,,,
ME F219,MANUFACTURING PROCESSES,3 1 4,P,1,"Patil, Rao Rushil Ratnakar, Sudip Banik, Nikhil Dnyaneshwar Chopade Biswajit Das, Sudhy S Panicker, Pushkar Prakash Kamble, Manik Anandrao",M 6 7,,,,
ME F219,MANUFACTURING PROCESSES,3 1 4,P,2,"Patil, Rao Rushil Ratnakar, Sruthi S Kumar, A.Porchelvan",TH 8 9,,,,
ME F220,HEAT TRANSFER,3 1 4,L,1,NILESH DADASAHEB PAWAR,T TH 5 M 10,DLT7,06/05/25 (AN),"04/03/25, Tuesday",4:00 PM - 5:30 PM
ME F220,HEAT TRANSFER,3 1 4,T,1,"Nilesh Dadasaheb Pawar Ranjit Shankarrao Patil, Nilesh Dadasaheb Pawar, Siddhartha Tripathi, Bhanudas Baijappa Takale, Sruthi S Kumar, Gurudatta Sanjeev Shahapurkar,",F 1,DLT7,,,
ME F220,HEAT TRANSFER,3 1 4,P,1,"Nandipeta Vijay Krishna Ranjit Shankarrao Patil, Nilesh Dadasaheb Pawar, Siddhartha Tripathi, Bhanudas Baijappa Takale, Sruthi S Kumar, Dhiraj Bhimrao Puri,",W 6 7,,,,
ME F220,HEAT TRANSFER,3 1 4,P,2,Jinuchandran,T 8 9,,,,9:30 AM - 11:00
ME F221,MECHANISMS AND MACHINES,3 0 3,L,1,MALI KIRAN DINKAR,M W F 8,DLT7,13/05/25 (FN),"07/03/25, Friday",AM
ME F221,MECHANISMS AND MACHINES,3 0 3,T,1,Mali Kiran Dinkar,M 1,DLT7,,,
ME F266,STUDY PROJECT,3,R,1,ABHINAVA CHATTERJEE,,,,,
ME F318,COMPUTER-AIDED DESIGN,1 2 3,L,1,INIYAN THIRUSELVAM N,T 9,DLT7,14/05/25 (FN),"07/03/25, Friday",2:00 PM - 3:30 PM
ME F318,COMPUTER-AIDED DESIGN,1 2 3,T,1,"Iniyan Thiruselvam N Iniyan Thiruselvam N, Ganesh Madhav Bapat, Pawar Rajat Ravindra,Jaya",TH 9,DLT7,,,
ME F318,COMPUTER-AIDED DESIGN,1 2 3,P,1,"Sudheer Kumar Kanikicharla, Ashish M Bhalkikar, Manik Anandrao Patil",T 1 2 3,CC 219,,,11:30 AM - 01:00
ME F319,VIBRATIONS AND CONTROL,3 0 3,L,1,SANDEEP JOSE,M W F 5,DLT7,01/05/25 (AN),"03/03/25, Monday",PM
ME F319,VIBRATIONS AND CONTROL,3 0 3,T,1,Sandeep Jose,TH 2 W 5 to 6:30 PM F,DLT7,,"05/03/25,Wednesd",9:30 AM - 11:00
ME F320,ENGINEERING OPTIMIZATION,3 0 3,L,1,GANESH MADHAV BAPAT/ Biswajit Das,1:45 to 2:50 PM,DLT7,05/05/25 (FN),ay,AM
ME F320,ENGINEERING OPTIMIZATION,3 0 3,T,1,Ganesh Madhav Bapat,TH 3,DLT7,,"06/03/25,",
ME F341,PRIMEMOVERS & FLUID MACH,2 1 3,L,1,VADIRAJ HEMADRI,M W 4,DLT7,07/05/25 (FN),Thursday,4:00 PM - 5:30 PM
ME F341,PRIMEMOVERS & FLUID MACH,2 1 3,T,1,"Vadiraj Hemadri Vadiraj Hemadri, Vaibhav Joshi, Dhiraj Bhimrao Puri, Jinuchandran,",F 4,DLT7,,,
ME F341,PRIMEMOVERS & FLUID MACH,2 1 3,P,1,"Gurudatta Sanjeev Shahapurkar, Nandipeta Vijay Krishna, Pradyumna Kodancha Vadiraj Hemadri, Vaibhav Joshi, Dhiraj Bhimrao Puri, Jinuchandran,",T 6 7,,,,
ME F341,PRIMEMOVERS & FLUID MACH,2 1 3,P,2,"Gurudatta Sanjeev Shahapurkar, Nandipeta Vijay Krishna, Bhanudas Baijappa Takale",TH 6 7,,,,
ME F366,LABORATORY PROJECT,3,R,1,PUSHKAR PRAKASH KAMBLE,,,,,
ME F367,LABORATORY PROJECT,3,R,1,PUSHKAR PRAKASH KAMBLE,,,,,
ME F376,DESIGN PROJECT,3,R,1,PRASAD VINAYAK PATIL,,,,,
ME F377,DESIGN PROJECT,3,R,1,PRASAD VINAYAK PATIL,,,,"06/03/25,",9:30 AM - 11:00
ME F420,POWER PLANT ENGINEERING,3 0 3,L,1,RANJIT SHANKARRAO PATIL,M TH F 10,A601,08/05/25 (FN),Thursday,AM 9:30 AM - 11:00
ME F428,SMART MATERIALS,3 1 4,L,1,DEVENDRA GOKUL PATIL,M W 2 F 1,A604,15/05/25 (FN),"08/03/25, Saturday 05/03/25,Wednesd",AM
ME F451,MECHANICAL EQUIPMENT DES,3 0 3,L,1,PRAVIN MADANRAO SINGRU,M W F 9,A601,10/05/25 (AN),ay,2:00 PM - 3:30 PM 9:30 AM - 11:00
ME F452,COMPOSITE MATERIALS & DESIGN,3 0 3,L,1,WAIGAONKAR SACHIN DAMODHARRAO,T TH 4 W 1,A601,03/05/25 (FN),"04/03/25, Tuesday",AM
ME F461,REFRIGERATION AND AIR CONDITIONING,3 0 3,L,1,SIDDHARTHA TRIPATHI,M T 7 TH 1,A601,06/05/25 (FN),"04/03/25, Tuesday",2:00 PM - 3:30 PM 9:30 AM - 11:00
ME F483,WIND ENERGY,3 0 3,L,1,MUKUND KESHAVRAO DESHMUKH,M W F 2,C401,15/05/25 (FN),"08/03/25, Saturday",AM
ME F491,SPECIAL PROJECT,3,R,1,VAIBHAV JOSHI,,,,,9:30 AM - 11:00
ME G611,COMP AIDED ANALYSIS AND DESIGN,5,L,1,DHANANJAY MADHUKAR KULKARNI,M W F 5,A505,01/05/25 (FN),"03/03/25, Monday",AM 9:30 AM - 11:00
MF F319,SUPPLY CHAIN MANAGEMENT,3 0 3,L,1,KARTHIKEYAN G,M W F 8,TP,16/05/25 (FN),"09/03/25, Sunday",AM
MF F319,SUPPLY CHAIN MANAGEMENT,3 0 3,T,1,Karthikeyan G,TBA,TP,,,11:30 AM - 01:00
MF F422,SUPPLY CHAIN MODEL & EMP ANALY,3 1 4,L,1,Varinder Singh/ Sudhy S Panicker,T 8 W F 2,A601,15/05/25 (FN),"08/03/25, Saturday",PM
MEL G632,ANALOG IC DESIGN,3 2 5,L,1,DIPANKAR PAL,T TH 5 M 10,D101,01/05/25 (FN),"04/03/25, Tuesday",2:00 PM - 3:30 PM
MEL G641,CAD FOR IC DESIGN,3 2 5,L,1,KIZHEPPATT VIPIN,M W F 9,D103,10/05/25 (FN),"07/03/25, Friday",4:00 PM - 5:30 PM
MEL G642,VLSI ARCHITECHTURES,5,L,1,AMALIN PRINCE A,T TH 4 W 1,DLT5,03/05/25 (FN),"04/03/25, Tuesday 05/03/25,Wednesd",9:30 AM - 11:00 AM 9:30 AM - 11:00
MGTS F211,PRINCIPLES OF MANAGEMENT,3 0 3,L,1,CH.V.V.S.N.V PRASAD,T TH 3 W 10,DLT6,05/05/25 (FN),ay,AM
MGTS F211,PRINCIPLES OF MANAGEMENT,3 0 3,L,2,Mohit Kumar/ Saroj S Prasad,T TH 3 W 10,LT2,,,
MGTS F211,PRINCIPLES OF MANAGEMENT,3 0 3,T,1,Ch.V.V.S.N.V Prasad/ Amruta Anil Hippalgaonkar/ Anjali Mohit Kumar/ Saroj S Prasad/ Mansi Nair/ Nandini Venkatesh Adhini/,T 1,DLT8,,,
MGTS F211,PRINCIPLES OF MANAGEMENT,3 0 3,T,2,Sabhya Yadav,T 1,LT2,,,
PHY F110,PHYSICS LABORATORY,0 2 1,P,1,"Gaurav Dar, H Hrisheekesh Prabhakar, Avisikta Ghosh",M 2 3,,14/05/25 (AN),,
PHY F110,PHYSICS LABORATORY,0 2 1,P,2,"Raghunath Ratabole, Isha Songara, Nisa Ara Deepak Narayana Murthy Pachattu, Shah Nikhilesh Sanjay Sushma, Hari",M 4 5,,,,
PHY F110,PHYSICS LABORATORY,0 2 1,P,3,Prasad A,T 2 3,,,,
PHY F110,PHYSICS LABORATORY,0 2 1,P,4,"Chandradew Sharma, Piyush Mahesh Mirani Gaurav Dar, Dharmaraj R, Mayur Madhav Abhisheki, Shubham Satish",T 4 5,,,,
PHY F110,PHYSICS LABORATORY,0 2 1,P,5,"Gaikwad,",T 8 9,,,,
PHY F110,PHYSICS LABORATORY,0 2 1,P,6,"AABHAAS VINEET MALLIK, Shubham Satish Gaikwad, Fran Ilcic",W 2 3,,,,
PHY F110,PHYSICS LABORATORY,0 2 1,P,7,"Deepak Narayana Murthy Pachattu, Duttatreya, H Hrisheekesh Prabhakar",W 4 5,,,,
PHY F110,PHYSICS LABORATORY,0 2 1,P,8,"Gaurav Dar, Hari Prasad A, Rashed Hussain Lone",TH 2 3,,,,
PHY F110,PHYSICS LABORATORY,0 2 1,P,9,"Chandradew Sharma, Duttatreya, Fran Ilcic",TH 4 5,,,,
PHY F110,PHYSICS LABORATORY,0 2 1,P,10,"Raghunath Ratabole, Avisikta Ghosh, Akhilesh MP",TH 7 8,,,,
PHY F110,PHYSICS LABORATORY,0 2 1,P,11,"Chandradew Sharma, Shah Nikhilesh Sanjay Sushma",F 2 3,,,,
PHY F110,PHYSICS LABORATORY,0 2 1,P,12,"Deepak Narayana Murthy Pachattu, Rashed Hussain Lone, Isha Songara",F 4 5,,,,
PHY F110,PHYSICS LABORATORY,0 2 1,P,13,"Raghunath Ratabole, Piyush Mahesh Mirani, Mayur Madhav Abhisheki",F 7 8,,,,11:30 AM - 01:00
PHY F111,MECHANICS OSCILLATIONS &WAVES,3 0 3,L,1,RADHIKA VATHSAN/ Arun V Kulkarni,M W 5,LT4,01/05/25 (AN),"03/03/25, Monday",PM
PHY F111,MECHANICS OSCILLATIONS &WAVES,3 0 3,T,11,Radhika Vathsan/ Arun V Kulkarni/ Ram Shanker Patel,M 1 F 5,C308,,,
PHY F111,MECHANICS OSCILLATIONS &WAVES,3 0 3,T,12,Sunilkumar Vattezhath,M 1 F 5,C404,,,
PHY F111,MECHANICS OSCILLATIONS &WAVES,3 0 3,T,13,Yuriy Petenev,M 1 F 5,C301,,,
PHY F111,MECHANICS OSCILLATIONS &WAVES,3 0 3,T,14,Aabhaas Vineet Mallik,M 1 F 5,A603,,,
PHY F111,MECHANICS OSCILLATIONS &WAVES,3 0 3,T,15,Debmalya Chakraborty,M 1 F 5,A602,,,
PHY F111,MECHANICS OSCILLATIONS &WAVES,3 0 3,L,2,Radhika Vathsan/ Arun V Kulkarni,T TH 5,DLT8,,,
PHY F111,MECHANICS OSCILLATIONS &WAVES,3 0 3,T,21,Radhika Vathsan/ Arun V Kulkarni/ Ram Shanker Patel,M 10 F 1,C308,,,
PHY F111,MECHANICS OSCILLATIONS &WAVES,3 0 3,T,22,Sunilkumar Vattezhath,M 10 F 1,C404,,,
PHY F111,MECHANICS OSCILLATIONS &WAVES,3 0 3,T,23,Yuriy Petenev,M 10 F 1,C305,,,
PHY F111,MECHANICS OSCILLATIONS &WAVES,3 0 3,T,24,Aabhaas Vineet Mallik,M 10 F 1,A603,,,
PHY F111,MECHANICS OSCILLATIONS &WAVES,3 0 3,T,25,Debmalya Chakraborty,M 10 F 1,A506,,"05/03/25,Wednesd",
PHY F215,INTRODUCTION TO ASTRONOMY & ASTROPHYSICS,3 0 3,L,1,TARUN KUMAR JHA,M W F 9,C402,10/05/25 (AN),"ay 06/03/25,",2:00 PM - 3:30 PM
PHY F241,ELECTROMAGNETIC THEO II,3 1 4,L,1,RUDRANIL BASU,M W F 4,C302,07/05/25 (FN),Thursday,4:00 PM - 5:30 PM
PHY F241,ELECTROMAGNETIC THEO II,3 1 4,T,1,Rudranil Basu/ Sourish Banerjee,F 1,C306,,,11:30 AM - 01:00
PHY F242,QUANTUM MECHANICS I,3 0 3,L,1,KINJAL BANERJEE,M W F 2,C306,15/05/25 (FN),"08/03/25, Saturday",PM
PHY F242,QUANTUM MECHANICS I,3 0 3,T,1,Kinjal Banerjee/ Emil Mathew,T 11,C306,,,9:30 AM - 11:00
PHY F243,MATHE METHODS OF PHY,3 0 3,L,1,CHANDRADEW SHARMA,M W F 5,C306,01/05/25 (FN),"03/03/25, Monday",AM
PHY F243,MATHE METHODS OF PHY,3 0 3,T,1,"Chandradew Sharma SWASTiBRATA BHATTACHARYYA, P Nandakumar, Megha Mishra, Vaishnavi",M 1,C306,,,
PHY F244,MODERN PHY LAB,0 2 2,P,1,"K Mohan, Vidyunmathi N A",T 3 4 5,,TBA,,
PHY F244,MODERN PHY LAB,0 2 2,P,2,"Radhika Vathsan, Sanjib Dey, Teny Theresa John, Meghaa MK Debmalya Chakraborty, Sunilkumar Vattezhath, Barros Indira, Sharad",T 7 8 9,,,,
PHY F244,MODERN PHY LAB,0 2 2,P,3,Mishra,TH 7 8 9,,,,
PHY F266,STUDY PROJECT,3,R,1,RUDRANIL BASU,,,,,
PHY F315,THEORY OF RELATIVITY,3 0 3,L,1,INDRAKSHI RAYCHOWDHURY,T TH 2 F 7,C308,14/05/25 (FN),"07/03/25, Friday 05/03/25,Wednesd",2:00 PM - 3:30 PM 9:30 AM - 11:00
PHY F341,SOLID STATE PHYSICS,3 0 3,L,1,ARNAB ROY,T TH 3 W 10,C308,05/05/25 (FN),ay,AM
PHY F341,SOLID STATE PHYSICS,3 0 3,T,1,"Arnab Roy, Sujit Satish Chaudhari",TH 1,C308,,,11:30 AM - 01:00
PHY F342,ATOMIC & MOLECULAR PHY,3 0 3,L,1,YOSHIRO AZUMA,M W F 2,C308,15/05/25 (FN),"08/03/25, Saturday",PM
PHY F342,ATOMIC & MOLECULAR PHY,3 0 3,T,1,Yoshiro Azuma,T 1,C308,,,9:30 AM - 11:00
PHY F343,NUCLEAR & PARTICLE PHY,3 0 3,L,1,DEEPAK NARAYANA MURTHY PACHATTU,M W F 9,C308,10/05/25 (FN),"09/03/25, Sunday",AM
PHY F343,NUCLEAR & PARTICLE PHY,3 0 3,T,1,"Deepak Narayana Murthy Pachattu RAM SHANKER PATEL, Kinjal Banerjee,Toby Joseph, Yuriy Petenev, Aahiri",T 11,C308,,,
PHY F344,ADVANCED PHYSICS LAB,0 0 3,P,1,"Naskar, Harsh Chandrakar, Keerthi C, Premachand Mahapatra Arnab Roy, Indrani Chakraborty, Senthamarai Kannan Ethirajulu, Tarun",T TH 7 8 9,,TBA,,
PHY F344,ADVANCED PHYSICS LAB,0 0 3,P,2,"Kumar Jha, Gaonkar Shreya Shrikant, Manojkumar B, Sarga PK, Vrushali Vallabh Kedekhar",M W 3 4 5,,,,
PHY F366,LABORATORY PROJECT,3,R,1,YURIY PETENEV,,,,,
PHY F367,LABORATORY PROJECT,3,R,1,YURIY PETENEV,,,,,
PHY F376,DESIGN PROJECT,3,R,1,INDRAKSHI RAYCHOWDHURY,,,,,
PHY F377,DESIGN PROJECT,3,R,1,INDRAKSHI RAYCHOWDHURY,,,,,9:30 AM - 11:00
PHY F412,INTRO TO QUAN FIELD THEO,3 1 4,L,1,RAGHUNATH RATABOLE,T TH 4 W 1,D101,03/05/25 (FN),"04/03/25, Tuesday 05/03/25,Wednesd",AM
PHY F413,PARTICLE PHYSICS,3 1 4,L,1,PRASANTA KUMAR DAS,M W F 3,D101,09/05/25 (AN),"ay 06/03/25,",4:00 PM - 5:30 PM 11:30 AM - 01:00
PHY F415,GENERAL THEORY OF RELATIVITY AND COSMOLOGY,3 1 4,L,1,PRASANTA KUMAR DAS,T TH F 10,C305,08/05/25 (AN),"Thursday 05/03/25,Wednesd",PM
PHY F416,SOFT CONDEN MATTER PHY,3 1 4,L,1,INDRANI CHAKRABORTY,M W F 9,D101,10/05/25 (AN),"ay 06/03/25,",2:00 PM - 3:30 PM 11:30 AM - 01:00
PHY F426,PHY OF SEMICONDUCTOR DEV,3 1 4,L,1,P NANDAKUMAR,T TH F 10,D101,08/05/25 (AN),Thursday,PM 9:30 AM - 11:00
PHY F438,FUNDAMENTALS OF QUANTUM FIELD THEORY,3 0 3,L,1,RAGHUNATH RATABOLE,T TH 4 W 1,D101,03/05/25 (FN),"04/03/25, Tuesday",AM
PHY F491,SPECIAL PROJECT,3,R,1,P NANDAKUMAR,,,,,
PHY G516,STATISTICAL PHY & APPLI,4,L,1,ARUN V KULKARNI,TBA,,,,
